type,state,variable,level,likely,Frequency,WgtFreq,pct,pctSE,pctLB,pctUB
ABC Unweighted,AZ,trumpind,0,1,309,,0.4912559618,0.0199488479,0.4520827408,0.5304291829
ABC Unweighted,AZ,trumpind,1,1,320,,0.5087440382,0.0199488479,0.4695708171,0.5479172592
ABC Unweighted,AZ,male,0,1,277,,0.440381558,0.0198095589,0.4014818564,0.4792812597
ABC Unweighted,AZ,male,1,1,352,,0.559618442,0.0198095589,0.5207187403,0.5985181436
ABC Unweighted,AZ,age1,0,1,586,,0.9316375199,0.0100703978,0.9118624471,0.9514125926
ABC Unweighted,AZ,age1,1,1,43,,0.0683624801,0.0100703978,0.0485874074,0.0881375529
ABC Unweighted,AZ,age2,0,1,608,,0.9666136725,0.0071684461,0.9525371139,0.9806902311
ABC Unweighted,AZ,age2,1,1,21,,0.0333863275,0.0071684461,0.0193097689,0.0474628861
ABC Unweighted,AZ,age3,0,1,575,,0.9141494436,0.0111787796,0.8921978599,0.9361010272
ABC Unweighted,AZ,age3,1,1,54,,0.0858505564,0.0111787796,0.0638989728,0.1078021401
ABC Unweighted,AZ,age4,0,1,540,,0.8585055644,0.0139077051,0.831195235,0.8858158937
ABC Unweighted,AZ,age4,1,1,89,,0.1414944356,0.0139077051,0.1141841063,0.168804765
ABC Unweighted,AZ,age5,0,1,475,,0.7551669316,0.0171581616,0.7214737348,0.7888601285
ABC Unweighted,AZ,age5,1,1,154,,0.2448330684,0.0171581616,0.2111398715,0.2785262652
ABC Unweighted,AZ,age6,0,1,361,,0.573926868,0.0197326125,0.5351782648,0.6126754713
ABC Unweighted,AZ,age6,1,1,268,,0.426073132,0.0197326125,0.3873245287,0.4648217352
ABC Unweighted,AZ,hsless,0,1,503,,0.799682035,0.0159710274,0.7683199939,0.8310440761
ABC Unweighted,AZ,hsless,1,1,126,,0.200317965,0.0159710274,0.1689559239,0.2316800061
ABC Unweighted,AZ,somecoll,0,1,396,,0.6295707472,0.0192703296,0.5917299212,0.6674115732
ABC Unweighted,AZ,somecoll,1,1,233,,0.3704292528,0.0192703296,0.3325884268,0.4082700788
ABC Unweighted,AZ,coll,0,1,453,,0.720190779,0.0179130288,0.685015262,0.755366296
ABC Unweighted,AZ,coll,1,1,176,,0.279809221,0.0179130288,0.244633704,0.314984738
ABC Unweighted,AZ,postcoll,0,1,536,,0.8521462639,0.0141640503,0.8243325538,0.879959974
ABC Unweighted,AZ,postcoll,1,1,93,,0.1478537361,0.0141640503,0.120040026,0.1756674462
ABC Unweighted,AZ,white,0,1,167,,0.2655007949,0.0176214975,0.2308977531,0.3001038367
ABC Unweighted,AZ,white,1,1,462,,0.7344992051,0.0176214975,0.6998961633,0.7691022469
ABC Unweighted,AZ,black,0,1,606,,0.9634340223,0.0074896896,0.9487266432,0.9781414013
ABC Unweighted,AZ,black,1,1,23,,0.0365659777,0.0074896896,0.0218585987,0.0512733568
ABC Unweighted,AZ,hisp,0,1,535,,0.8505564388,0.0142267077,0.8226196894,0.8784931882
ABC Unweighted,AZ,hisp,1,1,94,,0.1494435612,0.0142267077,0.1215068118,0.1773803106
ABC Unweighted,AZ,other,0,1,589,,0.9364069952,0.0097375844,0.9172854627,0.9555285278
ABC Unweighted,AZ,other,1,1,40,,0.0635930048,0.0097375844,0.0444714722,0.0827145373
ABC Unweighted,AZ,lib,0,1,509,,0.8092209857,0.0156788102,0.7784327666,0.8400092048
ABC Unweighted,AZ,lib,1,1,120,,0.1907790143,0.0156788102,0.1599907952,0.2215672334
ABC Unweighted,AZ,noideo,0,1,618,,0.9825119237,0.005230632,0.9722406185,0.9927832289
ABC Unweighted,AZ,noideo,1,1,11,,0.0174880763,0.005230632,0.0072167711,0.0277593815
ABC Unweighted,AZ,demparty,0,1,363,,0.5771065183,0.0197132269,0.5383959822,0.6158170543
ABC Unweighted,AZ,demparty,1,1,266,,0.4228934817,0.0197132269,0.3841829457,0.4616040178
ABC Unweighted,FL,trumpind,0,1,406,,0.4915254237,0.0174051638,0.457362291,0.5256885564
ABC Unweighted,FL,trumpind,1,1,420,,0.5084745763,0.0174051638,0.4743114436,0.542637709
ABC Unweighted,FL,male,0,1,365,,0.4418886199,0.0172896957,0.40795213,0.4758251098
ABC Unweighted,FL,male,1,1,461,,0.5581113801,0.0172896957,0.5241748902,0.59204787
ABC Unweighted,FL,age1,0,1,772,,0.9346246973,0.0086058938,0.9177329119,0.9515164828
ABC Unweighted,FL,age1,1,1,54,,0.0653753027,0.0086058938,0.0484835172,0.0822670881
ABC Unweighted,FL,age2,0,1,797,,0.9648910412,0.0064079426,0.9523134294,0.9774686529
ABC Unweighted,FL,age2,1,1,29,,0.0351089588,0.0064079426,0.0225313471,0.0476865706
ABC Unweighted,FL,age3,0,1,739,,0.8946731235,0.0106874058,0.8736957133,0.9156505337
ABC Unweighted,FL,age3,1,1,87,,0.1053268765,0.0106874058,0.0843494663,0.1263042867
ABC Unweighted,FL,age4,0,1,714,,0.8644067797,0.0119192402,0.8410115053,0.887802054
ABC Unweighted,FL,age4,1,1,112,,0.1355932203,0.0119192402,0.112197946,0.1589884947
ABC Unweighted,FL,age5,0,1,602,,0.7288135593,0.0154779239,0.6984332438,0.7591938749
ABC Unweighted,FL,age5,1,1,224,,0.2711864407,0.0154779239,0.2408061251,0.3015667562
ABC Unweighted,FL,age6,0,1,506,,0.612590799,0.0169605801,0.5793003025,0.6458812956
ABC Unweighted,FL,age6,1,1,320,,0.387409201,0.0169605801,0.3541187044,0.4206996975
ABC Unweighted,FL,hsless,0,1,620,,0.7506053269,0.0150632925,0.7210388566,0.7801717972
ABC Unweighted,FL,hsless,1,1,206,,0.2493946731,0.0150632925,0.2198282028,0.2789611434
ABC Unweighted,FL,somecoll,0,1,586,,0.7094430993,0.0158068336,0.6784171945,0.740469004
ABC Unweighted,FL,somecoll,1,1,240,,0.2905569007,0.0158068336,0.259530996,0.3215828055
ABC Unweighted,FL,coll,0,1,596,,0.7215496368,0.0156054933,0.6909189261,0.7521803475
ABC Unweighted,FL,coll,1,1,230,,0.2784503632,0.0156054933,0.2478196525,0.3090810739
ABC Unweighted,FL,postcoll,0,1,677,,0.8196125908,0.0133868354,0.7933366972,0.8458884844
ABC Unweighted,FL,postcoll,1,1,149,,0.1803874092,0.0133868354,0.1541115156,0.2066633028
ABC Unweighted,FL,white,0,1,278,,0.3365617433,0.0164514102,0.3042706535,0.3688528332
ABC Unweighted,FL,white,1,1,548,,0.6634382567,0.0164514102,0.6311471668,0.6957293465
ABC Unweighted,FL,black,0,1,742,,0.8983050847,0.0105228178,0.8776507305,0.918959439
ABC Unweighted,FL,black,1,1,84,,0.1016949153,0.0105228178,0.081040561,0.1223492695
ABC Unweighted,FL,hisp,0,1,687,,0.8317191283,0.0130249547,0.8061535398,0.8572847168
ABC Unweighted,FL,hisp,1,1,139,,0.1682808717,0.0130249547,0.1427152832,0.1938464602
ABC Unweighted,FL,other,0,1,777,,0.9406779661,0.0082243011,0.9245351769,0.9568207553
ABC Unweighted,FL,other,1,1,49,,0.0593220339,0.0082243011,0.0431792447,0.0754648231
ABC Unweighted,FL,lib,0,1,677,,0.8196125908,0.0133868354,0.7933366972,0.8458884844
ABC Unweighted,FL,lib,1,1,149,,0.1803874092,0.0133868354,0.1541115156,0.2066633028
ABC Unweighted,FL,noideo,0,1,793,,0.9600484262,0.0068184242,0.9466651146,0.9734317377
ABC Unweighted,FL,noideo,1,1,33,,0.0399515738,0.0068184242,0.0265682623,0.0533348854
ABC Unweighted,FL,demparty,0,1,488,,0.5907990315,0.0171182244,0.5571991081,0.6243989548
ABC Unweighted,FL,demparty,1,1,338,,0.4092009685,0.0171182244,0.3756010452,0.4428008919
ABC Unweighted,MI,trumpind,0,1,433,,0.5481012658,0.0177177963,0.5133222073,0.5828803243
ABC Unweighted,MI,trumpind,1,1,357,,0.4518987342,0.0177177963,0.4171196757,0.4866777927
ABC Unweighted,MI,male,0,1,380,,0.4810126582,0.0177875189,0.4460967381,0.5159285784
ABC Unweighted,MI,male,1,1,410,,0.5189873418,0.0177875189,0.4840714216,0.5539032619
ABC Unweighted,MI,age1,0,1,725,,0.917721519,0.0097826683,0.8985186797,0.9369243582
ABC Unweighted,MI,age1,1,1,65,,0.082278481,0.0097826683,0.0630756418,0.1014813203
ABC Unweighted,MI,age2,0,1,765,,0.9683544304,0.0062320707,0.9561212188,0.9805876419
ABC Unweighted,MI,age2,1,1,25,,0.0316455696,0.0062320707,0.0194123581,0.0438787812
ABC Unweighted,MI,age3,0,1,711,,0.9,0.010680215,0.8790353261,0.9209646739
ABC Unweighted,MI,age3,1,1,79,,0.1,0.010680215,0.0790353261,0.1209646739
ABC Unweighted,MI,age4,0,1,675,,0.8544303797,0.012555455,0.829784713,0.8790760465
ABC Unweighted,MI,age4,1,1,115,,0.1455696203,0.012555455,0.1209239535,0.170215287
ABC Unweighted,MI,age5,0,1,559,,0.7075949367,0.016193605,0.6758077818,0.7393820916
ABC Unweighted,MI,age5,1,1,231,,0.2924050633,0.016193605,0.2606179084,0.3241922182
ABC Unweighted,MI,age6,0,1,515,,0.6518987342,0.0169590535,0.6186090461,0.6851884223
ABC Unweighted,MI,age6,1,1,275,,0.3481012658,0.0169590535,0.3148115777,0.3813909539
ABC Unweighted,MI,hsless,0,1,562,,0.7113924051,0.0161312206,0.6797277074,0.7430571027
ABC Unweighted,MI,hsless,1,1,228,,0.2886075949,0.0161312206,0.2569428973,0.3202722926
ABC Unweighted,MI,somecoll,0,1,548,,0.6936708861,0.0164107946,0.6614573999,0.7258843722
ABC Unweighted,MI,somecoll,1,1,242,,0.3063291139,0.0164107946,0.2741156278,0.3385426001
ABC Unweighted,MI,coll,0,1,615,,0.7784810127,0.0147838732,0.7494610836,0.8075009417
ABC Unweighted,MI,coll,1,1,175,,0.2215189873,0.0147838732,0.1924990583,0.2505389164
ABC Unweighted,MI,postcoll,0,1,645,,0.8164556962,0.0137814688,0.7894034318,0.8435079606
ABC Unweighted,MI,postcoll,1,1,145,,0.1835443038,0.0137814688,0.1564920394,0.2105965682
ABC Unweighted,MI,white,0,1,165,,0.2088607595,0.0144715027,0.1804539967,0.2372675223
ABC Unweighted,MI,white,1,1,625,,0.7911392405,0.0144715027,0.7627324777,0.8195460033
ABC Unweighted,MI,black,0,1,706,,0.8936708861,0.0109742195,0.8721290975,0.9152126746
ABC Unweighted,MI,black,1,1,84,,0.1063291139,0.0109742195,0.0847873254,0.1278709025
ABC Unweighted,MI,hisp,0,1,764,,0.9670886076,0.0063513347,0.9546212873,0.9795559279
ABC Unweighted,MI,hisp,1,1,26,,0.0329113924,0.0063513347,0.0204440721,0.0453787127
ABC Unweighted,MI,other,0,1,744,,0.9417721519,0.0083367549,0.9254075612,0.9581367426
ABC Unweighted,MI,other,1,1,46,,0.0582278481,0.0083367549,0.0418632574,0.0745924388
ABC Unweighted,MI,lib,0,1,612,,0.7746835443,0.0148736432,0.7454874017,0.803879687
ABC Unweighted,MI,lib,1,1,178,,0.2253164557,0.0148736432,0.196120313,0.2545125983
ABC Unweighted,MI,noideo,0,1,759,,0.9607594937,0.006912472,0.9471906918,0.9743282955
ABC Unweighted,MI,noideo,1,1,31,,0.0392405063,0.006912472,0.0256717045,0.0528093082
ABC Unweighted,MI,demparty,0,1,421,,0.5329113924,0.0177617552,0.4980460451,0.5677767397
ABC Unweighted,MI,demparty,1,1,369,,0.4670886076,0.0177617552,0.4322232603,0.5019539549
ABC Unweighted,MN,trumpind,0,1,391,,0.595129376,0.0191650477,0.5574975624,0.6327611895
ABC Unweighted,MN,trumpind,1,1,266,,0.404870624,0.0191650477,0.3672388105,0.4425024376
ABC Unweighted,MN,male,0,1,292,,0.4444444444,0.0194007521,0.4063498101,0.4825390787
ABC Unweighted,MN,male,1,1,365,,0.5555555556,0.0194007521,0.5174609213,0.5936501899
ABC Unweighted,MN,age1,0,1,614,,0.9345509893,0.0096560414,0.915590726,0.9535112527
ABC Unweighted,MN,age1,1,1,43,,0.0654490107,0.0096560414,0.0464887473,0.084409274
ABC Unweighted,MN,age2,0,1,633,,0.9634703196,0.007324672,0.9490878513,0.977852788
ABC Unweighted,MN,age2,1,1,24,,0.0365296804,0.007324672,0.022147212,0.0509121487
ABC Unweighted,MN,age3,0,1,583,,0.8873668189,0.0123432875,0.8631299737,0.911603664
ABC Unweighted,MN,age3,1,1,74,,0.1126331811,0.0123432875,0.088396336,0.1368700263
ABC Unweighted,MN,age4,0,1,567,,0.8630136986,0.013424357,0.8366541035,0.8893732937
ABC Unweighted,MN,age4,1,1,90,,0.1369863014,0.013424357,0.1106267063,0.1633458965
ABC Unweighted,MN,age5,0,1,474,,0.7214611872,0.0175023121,0.6870942629,0.7558281115
ABC Unweighted,MN,age5,1,1,183,,0.2785388128,0.0175023121,0.2441718885,0.3129057371
ABC Unweighted,MN,age6,0,1,414,,0.6301369863,0.0188488134,0.5931261193,0.6671478533
ABC Unweighted,MN,age6,1,1,243,,0.3698630137,0.0188488134,0.3328521467,0.4068738807
ABC Unweighted,MN,hsless,0,1,511,,0.7777777778,0.0162318337,0.74590552,0.8096500355
ABC Unweighted,MN,hsless,1,1,146,,0.2222222222,0.0162318337,0.1903499645,0.25409448
ABC Unweighted,MN,somecoll,0,1,489,,0.7442922374,0.0170329463,0.7108469432,0.7777375317
ABC Unweighted,MN,somecoll,1,1,168,,0.2557077626,0.0170329463,0.2222624683,0.2891530568
ABC Unweighted,MN,coll,0,1,441,,0.6712328767,0.0183411633,0.6352188136,0.7072469398
ABC Unweighted,MN,coll,1,1,216,,0.3287671233,0.0183411633,0.2927530602,0.3647811864
ABC Unweighted,MN,postcoll,0,1,530,,0.8066971081,0.0154177324,0.7764233911,0.836970825
ABC Unweighted,MN,postcoll,1,1,127,,0.1933028919,0.0154177324,0.163029175,0.2235766089
ABC Unweighted,MN,white,0,1,88,,0.1339421613,0.0132977504,0.1078311664,0.1600531563
ABC Unweighted,MN,white,1,1,569,,0.8660578387,0.0132977504,0.8399468437,0.8921688336
ABC Unweighted,MN,black,0,1,638,,0.9710806697,0.0065428633,0.9582333335,0.983928006
ABC Unweighted,MN,black,1,1,19,,0.0289193303,0.0065428633,0.016071994,0.0417666665
ABC Unweighted,MN,hisp,0,1,635,,0.9665144597,0.0070239096,0.9527225579,0.9803063614
ABC Unweighted,MN,hisp,1,1,22,,0.0334855403,0.0070239096,0.0196936386,0.0472774421
ABC Unweighted,MN,other,0,1,618,,0.9406392694,0.0092258683,0.922523679,0.9587548598
ABC Unweighted,MN,other,1,1,39,,0.0593607306,0.0092258683,0.0412451402,0.077476321
ABC Unweighted,MN,lib,0,1,502,,0.7640791476,0.0165767129,0.7315296973,0.7966285979
ABC Unweighted,MN,lib,1,1,155,,0.2359208524,0.0165767129,0.2033714021,0.2684703027
ABC Unweighted,MN,noideo,0,1,633,,0.9634703196,0.007324672,0.9490878513,0.977852788
ABC Unweighted,MN,noideo,1,1,24,,0.0365296804,0.007324672,0.022147212,0.0509121487
ABC Unweighted,MN,demparty,0,1,316,,0.4809741248,0.019507492,0.4426698996,0.51927835
ABC Unweighted,MN,demparty,1,1,341,,0.5190258752,0.019507492,0.48072165,0.5573301004
ABC Unweighted,NC,trumpind,0,1,327,,0.5157728707,0.0198630099,0.4767690103,0.554776731
ABC Unweighted,NC,trumpind,1,1,307,,0.4842271293,0.0198630099,0.445223269,0.5232309897
ABC Unweighted,NC,male,0,1,293,,0.4621451104,0.0198158631,0.4232338294,0.5010563914
ABC Unweighted,NC,male,1,1,341,,0.5378548896,0.0198158631,0.4989436086,0.5767661706
ABC Unweighted,NC,age1,0,1,597,,0.9416403785,0.0093172988,0.92334453,0.9599362271
ABC Unweighted,NC,age1,1,1,37,,0.0583596215,0.0093172988,0.0400637729,0.07665547
ABC Unweighted,NC,age2,0,1,604,,0.952681388,0.0084388077,0.9361105823,0.9692521937
ABC Unweighted,NC,age2,1,1,30,,0.047318612,0.0084388077,0.0307478063,0.0638894177
ABC Unweighted,NC,age3,0,1,572,,0.9022082019,0.0118058117,0.8790258023,0.9253906015
ABC Unweighted,NC,age3,1,1,62,,0.0977917981,0.0118058117,0.0746093985,0.1209741977
ABC Unweighted,NC,age4,0,1,557,,0.8785488959,0.0129829969,0.8530549248,0.904042867
ABC Unweighted,NC,age4,1,1,77,,0.1214511041,0.0129829969,0.095957133,0.1469450752
ABC Unweighted,NC,age5,0,1,443,,0.6987381703,0.0182356203,0.6629299221,0.7345464186
ABC Unweighted,NC,age5,1,1,191,,0.3012618297,0.0182356203,0.2654535814,0.3370700779
ABC Unweighted,NC,age6,0,1,397,,0.6261829653,0.0192296518,0.588422794,0.6639431366
ABC Unweighted,NC,age6,1,1,237,,0.3738170347,0.0192296518,0.3360568634,0.411577206
ABC Unweighted,NC,hsless,0,1,472,,0.7444794953,0.0173352656,0.7104392222,0.7785197684
ABC Unweighted,NC,hsless,1,1,162,,0.2555205047,0.0173352656,0.2214802316,0.2895607778
ABC Unweighted,NC,somecoll,0,1,427,,0.6735015773,0.0186380771,0.6369030475,0.7101001071
ABC Unweighted,NC,somecoll,1,1,207,,0.3264984227,0.0186380771,0.2898998929,0.3630969525
ABC Unweighted,NC,coll,0,1,470,,0.7413249211,0.0174049527,0.7071478075,0.7755020347
ABC Unweighted,NC,coll,1,1,164,,0.2586750789,0.0174049527,0.2244979653,0.2928521925
ABC Unweighted,NC,postcoll,0,1,534,,0.8422712934,0.0144868053,0.8138243795,0.8707182072
ABC Unweighted,NC,postcoll,1,1,100,,0.1577287066,0.0144868053,0.1292817928,0.1861756205
ABC Unweighted,NC,white,0,1,169,,0.2665615142,0.0175740486,0.2320523566,0.3010706718
ABC Unweighted,NC,white,1,1,465,,0.7334384858,0.0175740486,0.6989293282,0.7679476434
ABC Unweighted,NC,black,0,1,515,,0.8123028391,0.0155195488,0.7818279858,0.8427776925
ABC Unweighted,NC,black,1,1,119,,0.1876971609,0.0155195488,0.1572223075,0.2181720142
ABC Unweighted,NC,hisp,0,1,616,,0.9716088328,0.0066012868,0.9586462621,0.9845714035
ABC Unweighted,NC,hisp,1,1,18,,0.0283911672,0.0066012868,0.0154285965,0.0413537379
ABC Unweighted,NC,other,0,1,608,,0.9589905363,0.0078820731,0.9435129586,0.974468114
ABC Unweighted,NC,other,1,1,26,,0.0410094637,0.0078820731,0.025531886,0.0564870414
ABC Unweighted,NC,lib,0,1,499,,0.7870662461,0.0162711838,0.7551154498,0.8190170423
ABC Unweighted,NC,lib,1,1,135,,0.2129337539,0.0162711838,0.1809829577,0.2448845502
ABC Unweighted,NC,noideo,0,1,624,,0.9842271293,0.0049521557,0.9745028635,0.9939513952
ABC Unweighted,NC,noideo,1,1,10,,0.0157728707,0.0049521557,0.0060486048,0.0254971365
ABC Unweighted,NC,demparty,0,1,336,,0.5299684543,0.0198371723,0.4910153297,0.5689215788
ABC Unweighted,NC,demparty,1,1,298,,0.4700315457,0.0198371723,0.4310784212,0.5089846703
ABC Unweighted,PA,trumpind,0,1,452,,0.5628891656,0.0175152917,0.5285084517,0.5972698796
ABC Unweighted,PA,trumpind,1,1,351,,0.4371108344,0.0175152917,0.4027301204,0.4714915483
ABC Unweighted,PA,male,0,1,402,,0.500622665,0.0176554915,0.4659667533,0.5352785767
ABC Unweighted,PA,male,1,1,401,,0.499377335,0.0176554915,0.4647214233,0.5340332467
ABC Unweighted,PA,age1,0,1,762,,0.9489414695,0.0077725588,0.9336847371,0.9641982019
ABC Unweighted,PA,age1,1,1,41,,0.0510585305,0.0077725588,0.0358017981,0.0663152629
ABC Unweighted,PA,age2,0,1,775,,0.9651307597,0.0064777542,0.9524155952,0.9778459241
ABC Unweighted,PA,age2,1,1,28,,0.0348692403,0.0064777542,0.0221540759,0.0475844048
ABC Unweighted,PA,age3,0,1,694,,0.8642590286,0.0120944907,0.8405187889,0.8879992684
ABC Unweighted,PA,age3,1,1,109,,0.1357409714,0.0120944907,0.1120007316,0.1594812111
ABC Unweighted,PA,age4,0,1,700,,0.8717310087,0.0118076163,0.8485538738,0.8949081436
ABC Unweighted,PA,age4,1,1,103,,0.1282689913,0.0118076163,0.1050918564,0.1514461262
ABC Unweighted,PA,age5,0,1,572,,0.7123287671,0.0159844834,0.6809528723,0.7437046619
ABC Unweighted,PA,age5,1,1,231,,0.2876712329,0.0159844834,0.2562953381,0.3190471277
ABC Unweighted,PA,age6,0,1,512,,0.6376089664,0.0169736825,0.6042913755,0.6709265572
ABC Unweighted,PA,age6,1,1,291,,0.3623910336,0.0169736825,0.3290734428,0.3957086245
ABC Unweighted,PA,hsless,0,1,547,,0.6811955168,0.0164553925,0.6488952759,0.7134957577
ABC Unweighted,PA,hsless,1,1,256,,0.3188044832,0.0164553925,0.2865042423,0.3511047241
ABC Unweighted,PA,somecoll,0,1,598,,0.7447073474,0.0153965041,0.7144855954,0.7749290995
ABC Unweighted,PA,somecoll,1,1,205,,0.2552926526,0.0153965041,0.2250709005,0.2855144046
ABC Unweighted,PA,coll,0,1,596,,0.7422166874,0.0154455331,0.7118986965,0.7725346783
ABC Unweighted,PA,coll,1,1,207,,0.2577833126,0.0154455331,0.2274653217,0.2881013035
ABC Unweighted,PA,postcoll,0,1,671,,0.8356164384,0.0130870821,0.809927844,0.8613050327
ABC Unweighted,PA,postcoll,1,1,132,,0.1643835616,0.0130870821,0.1386949673,0.190072156
ABC Unweighted,PA,white,0,1,143,,0.1780821918,0.0135093541,0.1515647208,0.2045996628
ABC Unweighted,PA,white,1,1,660,,0.8219178082,0.0135093541,0.7954003372,0.8484352792
ABC Unweighted,PA,black,0,1,735,,0.9153175592,0.0098308875,0.8960205394,0.9346145789
ABC Unweighted,PA,black,1,1,68,,0.0846824408,0.0098308875,0.0653854211,0.1039794606
ABC Unweighted,PA,hisp,0,1,768,,0.9564134496,0.0072095678,0.9422618104,0.9705650888
ABC Unweighted,PA,hisp,1,1,35,,0.0435865504,0.0072095678,0.0294349112,0.0577381896
ABC Unweighted,PA,other,0,1,776,,0.9663760897,0.0063651309,0.9538819931,0.9788701862
ABC Unweighted,PA,other,1,1,27,,0.0336239103,0.0063651309,0.0211298138,0.0461180069
ABC Unweighted,PA,lib,0,1,640,,0.797011208,0.0142029445,0.7691322906,0.8248901254
ABC Unweighted,PA,lib,1,1,163,,0.202988792,0.0142029445,0.1751098746,0.2308677094
ABC Unweighted,PA,noideo,0,1,762,,0.9489414695,0.0077725588,0.9336847371,0.9641982019
ABC Unweighted,PA,noideo,1,1,41,,0.0510585305,0.0077725588,0.0358017981,0.0663152629
ABC Unweighted,PA,demparty,0,1,415,,0.5168119552,0.017645522,0.4821756126,0.5514482978
ABC Unweighted,PA,demparty,1,1,388,,0.4831880448,0.017645522,0.4485517022,0.5178243874
ABC Unweighted,WI,trumpind,0,1,507,,0.6130592503,0.0169465473,0.5797962974,0.6463222032
ABC Unweighted,WI,trumpind,1,1,320,,0.3869407497,0.0169465473,0.3536777968,0.4202037026
ABC Unweighted,WI,male,0,1,389,,0.4703748489,0.0173665726,0.4362874637,0.504462234
ABC Unweighted,WI,male,1,1,438,,0.5296251511,0.0173665726,0.495537766,0.5637125363
ABC Unweighted,WI,age1,0,1,778,,0.9407496977,0.0082146696,0.9246258135,0.9568735819
ABC Unweighted,WI,age1,1,1,49,,0.0592503023,0.0082146696,0.0431264181,0.0753741865
ABC Unweighted,WI,age2,0,1,804,,0.9721886336,0.0057212932,0.9609587883,0.9834184789
ABC Unweighted,WI,age2,1,1,23,,0.0278113664,0.0057212932,0.0165815211,0.0390412117
ABC Unweighted,WI,age3,0,1,733,,0.8863361548,0.0110437909,0.8646592262,0.9080130833
ABC Unweighted,WI,age3,1,1,94,,0.1136638452,0.0110437909,0.0919869167,0.1353407738
ABC Unweighted,WI,age4,0,1,718,,0.8681983071,0.0117700344,0.8450958963,0.891300718
ABC Unweighted,WI,age4,1,1,109,,0.1318016929,0.0117700344,0.108699282,0.1549041037
ABC Unweighted,WI,age5,0,1,576,,0.6964933495,0.0159974353,0.6650933287,0.7278933702
ABC Unweighted,WI,age5,1,1,251,,0.3035066505,0.0159974353,0.2721066298,0.3349066713
ABC Unweighted,WI,age6,0,1,526,,0.6360338573,0.0167408837,0.6031745842,0.6688931304
ABC Unweighted,WI,age6,1,1,301,,0.3639661427,0.0167408837,0.3311068696,0.3968254158
ABC Unweighted,WI,hsless,0,1,587,,0.7097944377,0.015791629,0.6787983769,0.7407904985
ABC Unweighted,WI,hsless,1,1,240,,0.2902055623,0.015791629,0.2592095015,0.3212016231
ABC Unweighted,WI,somecoll,0,1,609,,0.7363966143,0.0153298941,0.7063068541,0.7664863744
ABC Unweighted,WI,somecoll,1,1,218,,0.2636033857,0.0153298941,0.2335136256,0.2936931459
ABC Unweighted,WI,coll,0,1,599,,0.7243047158,0.0155483066,0.6937862522,0.7548231795
ABC Unweighted,WI,coll,1,1,228,,0.2756952842,0.0155483066,0.2451768205,0.3062137478
ABC Unweighted,WI,postcoll,0,1,686,,0.8295042322,0.0130850044,0.8038207771,0.8551876872
ABC Unweighted,WI,postcoll,1,1,141,,0.1704957678,0.0130850044,0.1448123128,0.1961792229
ABC Unweighted,WI,white,0,1,107,,0.1293833132,0.0116777829,0.106461975,0.1523046514
ABC Unweighted,WI,white,1,1,720,,0.8706166868,0.0116777829,0.8476953486,0.893538025
ABC Unweighted,WI,black,0,1,796,,0.9625151149,0.0066090592,0.9495427483,0.9754874815
ABC Unweighted,WI,black,1,1,31,,0.0374848851,0.0066090592,0.0245125185,0.0504572517
ABC Unweighted,WI,hisp,0,1,798,,0.9649334946,0.006400335,0.9523708152,0.977496174
ABC Unweighted,WI,hisp,1,1,29,,0.0350665054,0.006400335,0.022503826,0.0476291848
ABC Unweighted,WI,other,0,1,794,,0.9600967352,0.0068103508,0.9467292703,0.9734642001
ABC Unweighted,WI,other,1,1,33,,0.0399032648,0.0068103508,0.0265357999,0.0532707297
ABC Unweighted,WI,lib,0,1,624,,0.7545344619,0.0149741636,0.7251429352,0.7839259887
ABC Unweighted,WI,lib,1,1,203,,0.2454655381,0.0149741636,0.2160740113,0.2748570648
ABC Unweighted,WI,noideo,0,1,806,,0.9746070133,0.0054736803,0.9638631864,0.9853508402
ABC Unweighted,WI,noideo,1,1,21,,0.0253929867,0.0054736803,0.0146491598,0.0361368136
ABC Unweighted,WI,demparty,0,1,406,,0.4909310762,0.0173942747,0.4567893168,0.5250728355
ABC Unweighted,WI,demparty,1,1,421,,0.5090689238,0.0173942747,0.4749271645,0.5432106832
ABC Weighted,AZ,trumpind,0,1,309,301.8976833,0.5195048324,0.0236303211,0.4731023636,0.5659073012
ABC Weighted,AZ,trumpind,1,1,320,279.228159,0.4804951676,0.0236303211,0.4340926988,0.5268976364
ABC Weighted,AZ,male,0,1,277,294.8049352,0.5072996479,0.0236596076,0.4608396697,0.5537596262
ABC Weighted,AZ,male,1,1,352,286.3209071,0.4927003521,0.0236596076,0.4462403738,0.5391603303
ABC Weighted,AZ,age1,0,1,586,502.6051322,0.8648817444,0.0199704804,0.825666044,0.9040974448
ABC Weighted,AZ,age1,1,1,43,78.5207101,0.1351182556,0.0199704804,0.0959025552,0.174333956
ABC Weighted,AZ,age2,0,1,608,546.3080942,0.9400856999,0.0135139539,0.9135485733,0.9666228266
ABC Weighted,AZ,age2,1,1,21,34.8177481,0.0599143001,0.0135139539,0.0333771734,0.0864514267
ABC Weighted,AZ,age3,0,1,575,493.3858886,0.8490172914,0.019805929,0.8101247179,0.887909865
ABC Weighted,AZ,age3,1,1,54,87.7399537,0.1509827086,0.019805929,0.112090135,0.1898752821
ABC Weighted,AZ,age4,0,1,540,493.6809818,0.8495250871,0.0159841818,0.8181372149,0.8809129593
ABC Weighted,AZ,age4,1,1,89,87.4448605,0.1504749129,0.0159841818,0.1190870407,0.1818627851
ABC Weighted,AZ,age5,0,1,475,444.8633659,0.765519847,0.0185571043,0.7290795697,0.8019601244
ABC Weighted,AZ,age5,1,1,154,136.2624764,0.234480153,0.0185571043,0.1980398756,0.2709204303
ABC Weighted,AZ,age6,0,1,361,424.7857488,0.7309703301,0.0181884829,0.6952539085,0.7666867518
ABC Weighted,AZ,age6,1,1,268,156.3400935,0.2690296699,0.0181884829,0.2333132482,0.3047460915
ABC Weighted,AZ,hsless,0,1,503,412.6557302,0.7100970223,0.0237653434,0.6634294124,0.7567646322
ABC Weighted,AZ,hsless,1,1,126,168.4701121,0.2899029777,0.0237653434,0.2432353678,0.3365705876
ABC Weighted,AZ,somecoll,0,1,396,347.0828092,0.5972592921,0.0233214444,0.5514633594,0.6430552248
ABC Weighted,AZ,somecoll,1,1,233,234.0430331,0.4027407079,0.0233214444,0.3569447752,0.4485366406
ABC Weighted,AZ,coll,0,1,453,463.8640007,0.7982160953,0.0161415753,0.7665191522,0.8299130383
ABC Weighted,AZ,coll,1,1,176,117.2618416,0.2017839047,0.0161415753,0.1700869617,0.2334808478
ABC Weighted,AZ,postcoll,0,1,536,519.9741418,0.8947702958,0.0119964391,0.8712130877,0.9183275038
ABC Weighted,AZ,postcoll,1,1,93,61.1517005,0.1052297042,0.0119964391,0.0816724962,0.1287869123
ABC Weighted,AZ,white,0,1,167,194.9564885,0.3354806727,0.0239833376,0.2883849913,0.3825763541
ABC Weighted,AZ,white,1,1,462,386.1693538,0.6645193273,0.0239833376,0.6174236459,0.7116150087
ABC Weighted,AZ,black,0,1,606,556.2777151,0.9572414004,0.0098512641,0.9378966369,0.9765861639
ABC Weighted,AZ,black,1,1,23,24.8481272,0.0427585996,0.0098512641,0.0234138361,0.0621033631
ABC Weighted,AZ,hisp,0,1,535,464.1957592,0.7987869845,0.0210582252,0.7574352976,0.8401386714
ABC Weighted,AZ,hisp,1,1,94,116.9300831,0.2012130155,0.0210582252,0.1598613286,0.2425647024
ABC Weighted,AZ,other,0,1,589,529.9391141,0.911917997,0.0159163286,0.880663367,0.9431726269
ABC Weighted,AZ,other,1,1,40,51.1867282,0.088082003,0.0159163286,0.0568273731,0.119336633
ABC Weighted,AZ,lib,0,1,509,463.1494941,0.796986574,0.0190605009,0.7595577851,0.8344153629
ABC Weighted,AZ,lib,1,1,120,117.9763482,0.203013426,0.0190605009,0.1655846371,0.2404422149
ABC Weighted,AZ,noideo,0,1,618,571.9795279,0.9842610434,0.0057156441,0.9730373281,0.9954847587
ABC Weighted,AZ,noideo,1,1,11,9.1463144,0.0157389566,0.0057156441,0.0045152413,0.0269626719
ABC Weighted,AZ,demparty,0,1,363,310.2910536,0.5339481245,0.0238472651,0.4871196464,0.5807766026
ABC Weighted,AZ,demparty,1,1,266,270.8347887,0.4660518755,0.0238472651,0.4192233974,0.5128803536
ABC Weighted,FL,trumpind,0,1,406,396.1169928,0.5041086027,0.0198212823,0.4652030742,0.5430141312
ABC Weighted,FL,trumpind,1,1,420,389.660101,0.4958913973,0.0198212823,0.4569858688,0.5347969258
ABC Weighted,FL,male,0,1,365,413.0446796,0.5256512093,0.0196774447,0.4870280076,0.564274411
ABC Weighted,FL,male,1,1,461,372.7324142,0.4743487907,0.0196774447,0.435725589,0.5129719924
ABC Weighted,FL,age1,0,1,772,709.5686415,0.9030151771,0.0133560163,0.8767997757,0.9292305784
ABC Weighted,FL,age1,1,1,54,76.2084523,0.0969848229,0.0133560163,0.0707694216,0.1232002243
ABC Weighted,FL,age2,0,1,797,744.1547304,0.9470303172,0.0099421752,0.9275156575,0.966544977
ABC Weighted,FL,age2,1,1,29,41.6223634,0.0529696828,0.0099421752,0.033455023,0.0724843425
ABC Weighted,FL,age3,0,1,739,666.5508037,0.8482695779,0.0160126587,0.8168396765,0.8796994794
ABC Weighted,FL,age3,1,1,87,119.2262901,0.1517304221,0.0160126587,0.1203005206,0.1831603235
ABC Weighted,FL,age4,0,1,714,663.7522247,0.8447080348,0.0150324504,0.8152021018,0.8742139679
ABC Weighted,FL,age4,1,1,112,122.0248691,0.1552919652,0.0150324504,0.1257860321,0.1847978982
ABC Weighted,FL,age5,0,1,602,578.7554754,0.7365390006,0.0170244115,0.7031232146,0.7699547867
ABC Weighted,FL,age5,1,1,224,207.0216184,0.2634609994,0.0170244115,0.2300452133,0.2968767854
ABC Weighted,FL,age6,0,1,506,566.1035933,0.7204378923,0.0158802497,0.6892678854,0.7516078993
ABC Weighted,FL,age6,1,1,320,219.6735005,0.2795621077,0.0158802497,0.2483921007,0.3107321146
ABC Weighted,FL,hsless,0,1,620,529.3889478,0.6737138967,0.019747853,0.6349524963,0.7124752971
ABC Weighted,FL,hsless,1,1,206,256.388146,0.3262861033,0.019747853,0.2875247029,0.3650475037
ABC Weighted,FL,somecoll,0,1,586,514.2436969,0.6544396636,0.0192027316,0.6167482363,0.6921310908
ABC Weighted,FL,somecoll,1,1,240,271.5333969,0.3455603364,0.0192027316,0.3078689092,0.3832517637
ABC Weighted,FL,coll,0,1,596,623.7688639,0.7938241886,0.0140676028,0.7662120738,0.8214363034
ABC Weighted,FL,coll,1,1,230,162.0082299,0.2061758114,0.0140676028,0.1785636966,0.2337879262
ABC Weighted,FL,postcoll,0,1,677,691.1238071,0.8795418097,0.0107040958,0.85853164,0.9005519794
ABC Weighted,FL,postcoll,1,1,149,94.6532867,0.1204581903,0.0107040958,0.0994480206,0.14146836
ABC Weighted,FL,white,0,1,278,301.3062231,0.3834499955,0.0199294469,0.3443321599,0.4225678312
ABC Weighted,FL,white,1,1,548,484.4708707,0.6165500045,0.0199294469,0.5774321688,0.6556678401
ABC Weighted,FL,black,0,1,742,679.9748695,0.8653533869,0.015088401,0.8357376332,0.8949691406
ABC Weighted,FL,black,1,1,84,105.8022243,0.1346466131,0.015088401,0.1050308594,0.1642623668
ABC Weighted,FL,hisp,0,1,687,630.0126804,0.801770229,0.0169969322,0.7684083798,0.8351320781
ABC Weighted,FL,hisp,1,1,139,155.7644134,0.198229771,0.0169969322,0.1648679219,0.2315916202
ABC Weighted,FL,other,0,1,777,748.3545918,0.9523751681,0.0076883556,0.9372843413,0.9674659949
ABC Weighted,FL,other,1,1,49,37.422502,0.0476248319,0.0076883556,0.0325340051,0.0627156587
ABC Weighted,FL,lib,0,1,677,633.2254891,0.8058589314,0.0160806351,0.7742956047,0.837422258
ABC Weighted,FL,lib,1,1,149,152.5516047,0.1941410686,0.0160806351,0.162577742,0.2257043953
ABC Weighted,FL,noideo,0,1,793,751.6968329,0.9566285895,0.0085095607,0.9399258883,0.9733312907
ABC Weighted,FL,noideo,1,1,33,34.0802609,0.0433714105,0.0085095607,0.0266687093,0.0600741117
ABC Weighted,FL,demparty,0,1,488,451.3222928,0.5743642776,0.0197333528,0.5356313385,0.6130972166
ABC Weighted,FL,demparty,1,1,338,334.454801,0.4256357224,0.0197333528,0.3869027834,0.4643686615
ABC Weighted,MI,trumpind,0,1,433,439.9696946,0.5531907865,0.01970528,0.5145104069,0.5918711661
ABC Weighted,MI,trumpind,1,1,357,355.3611485,0.4468092135,0.01970528,0.4081288339,0.4854895931
ABC Weighted,MI,male,0,1,380,403.1883232,0.5069441563,0.0198566067,0.4679667308,0.5459215818
ABC Weighted,MI,male,1,1,410,392.1425199,0.4930558437,0.0198566067,0.4540784182,0.5320332692
ABC Weighted,MI,age1,0,1,725,681.6934881,0.8571193913,0.0166326038,0.8244705058,0.8897682767
ABC Weighted,MI,age1,1,1,65,113.637355,0.1428806087,0.0166326038,0.1102317233,0.1755294942
ABC Weighted,MI,age2,0,1,765,756.2199237,0.9508243397,0.0099649577,0.9312636763,0.970385003
ABC Weighted,MI,age2,1,1,25,39.1109194,0.0491756603,0.0099649577,0.029614997,0.0687363237
ABC Weighted,MI,age3,0,1,711,674.741813,0.8483787833,0.016071572,0.8168311726,0.8799263941
ABC Weighted,MI,age3,1,1,79,120.5890301,0.1516212167,0.016071572,0.1200736059,0.1831688274
ABC Weighted,MI,age4,0,1,675,660.3991607,0.830345216,0.0151723867,0.8005626563,0.8601277756
ABC Weighted,MI,age4,1,1,115,134.9316824,0.169654784,0.0151723867,0.1398722244,0.1994373437
ABC Weighted,MI,age5,0,1,559,588.9436387,0.7405014452,0.0162452301,0.7086129531,0.7723899372
ABC Weighted,MI,age5,1,1,231,206.3872044,0.2594985548,0.0162452301,0.2276100628,0.2913870469
ABC Weighted,MI,age6,0,1,515,614.6561913,0.7728308246,0.0139322264,0.7454826313,0.8001790179
ABC Weighted,MI,age6,1,1,275,180.6746518,0.2271691754,0.0139322264,0.1998209821,0.2545173687
ABC Weighted,MI,hsless,0,1,562,511.3082542,0.642887496,0.0197173745,0.6041833755,0.6815916164
ABC Weighted,MI,hsless,1,1,228,284.0225889,0.357112504,0.0197173745,0.3184083836,0.3958166245
ABC Weighted,MI,somecoll,0,1,548,515.0524619,0.6475952321,0.019433767,0.6094478176,0.6857426465
ABC Weighted,MI,somecoll,1,1,242,280.2783812,0.3524047679,0.019433767,0.3142573535,0.3905521824
ABC Weighted,MI,coll,0,1,615,650.5350034,0.8179426324,0.0137285359,0.7909942723,0.8448909924
ABC Weighted,MI,coll,1,1,175,144.7958397,0.1820573676,0.0137285359,0.1551090076,0.2090057277
ABC Weighted,MI,postcoll,0,1,645,709.0968098,0.8915746396,0.0096797735,0.8725737772,0.910575502
ABC Weighted,MI,postcoll,1,1,145,86.2340333,0.1084253604,0.0096797735,0.089424498,0.1274262228
ABC Weighted,MI,white,0,1,165,178.4180901,0.2243319138,0.0177393716,0.1895105042,0.2591533234
ABC Weighted,MI,white,1,1,625,616.912753,0.7756680862,0.0177393716,0.7408466766,0.8104894958
ABC Weighted,MI,black,0,1,706,690.7100126,0.8684562137,0.0150443853,0.8389249137,0.8979875136
ABC Weighted,MI,black,1,1,84,104.6208305,0.1315437863,0.0150443853,0.1020124864,0.1610750863
ABC Weighted,MI,hisp,0,1,764,759.0316411,0.9543596199,0.0097002134,0.9353186351,0.9734006046
ABC Weighted,MI,hisp,1,1,26,36.299202,0.0456403801,0.0097002134,0.0265993954,0.0646813649
ABC Weighted,MI,other,0,1,744,759.6541195,0.9551422859,0.0073592862,0.9406964123,0.9695881594
ABC Weighted,MI,other,1,1,46,35.6767236,0.0448577141,0.0073592862,0.0304118406,0.0593035877
ABC Weighted,MI,lib,0,1,612,602.3502318,0.7573580693,0.0176237131,0.7227636909,0.7919524478
ABC Weighted,MI,lib,1,1,178,192.9806113,0.2426419307,0.0176237131,0.2080475522,0.2772363091
ABC Weighted,MI,noideo,0,1,759,760.6448335,0.9563879486,0.0085715986,0.9395623725,0.9732135247
ABC Weighted,MI,noideo,1,1,31,34.6860096,0.0436120514,0.0085715986,0.0267864753,0.0604376275
ABC Weighted,MI,demparty,0,1,421,419.3923211,0.5273180649,0.0198820828,0.4882906312,0.5663454985
ABC Weighted,MI,demparty,1,1,369,375.938522,0.4726819351,0.0198820828,0.4336545015,0.5117093688
ABC Weighted,MN,trumpind,0,1,391,375.4320125,0.5892542756,0.0218238856,0.5464016615,0.6321068897
ABC Weighted,MN,trumpind,1,1,266,261.6987272,0.4107457244,0.0218238856,0.3678931103,0.4535983385
ABC Weighted,MN,male,0,1,292,324.0156327,0.5085543869,0.0221763569,0.4650096727,0.5520991011
ABC Weighted,MN,male,1,1,365,313.115107,0.4914456131,0.0221763569,0.4479008989,0.5349903273
ABC Weighted,MN,age1,0,1,614,561.2636356,0.8809238052,0.0174798776,0.8466009324,0.9152466779
ABC Weighted,MN,age1,1,1,43,75.8671041,0.1190761948,0.0174798776,0.0847533221,0.1533990676
ABC Weighted,MN,age2,0,1,633,602.8808791,0.946243591,0.0112510042,0.924151515,0.9683356671
ABC Weighted,MN,age2,1,1,24,34.2498606,0.053756409,0.0112510042,0.0316643329,0.075848485
ABC Weighted,MN,age3,0,1,583,534.2391938,0.8385079553,0.017983939,0.8031953253,0.8738205852
ABC Weighted,MN,age3,1,1,74,102.8915459,0.1614920447,0.017983939,0.1261794148,0.1968046747
ABC Weighted,MN,age4,0,1,567,530.8137274,0.8331315605,0.0169540982,0.7998410896,0.8664220313
ABC Weighted,MN,age4,1,1,90,106.3170123,0.1668684395,0.0169540982,0.1335779687,0.2001589104
ABC Weighted,MN,age5,0,1,474,458.3243767,0.7193568732,0.0193594817,0.6813432759,0.7573704704
ABC Weighted,MN,age5,1,1,183,178.806363,0.2806431268,0.0193594817,0.2426295296,0.3186567241
ABC Weighted,MN,age6,0,1,414,498.1318859,0.7818362149,0.0148954834,0.7525879675,0.8110844622
ABC Weighted,MN,age6,1,1,243,138.9988538,0.2181637851,0.0148954834,0.1889155378,0.2474120325
ABC Weighted,MN,hsless,0,1,511,459.5582021,0.7212934072,0.0209658977,0.6801255081,0.7624613064
ABC Weighted,MN,hsless,1,1,146,177.5725376,0.2787065928,0.0209658977,0.2375386936,0.3198744919
ABC Weighted,MN,somecoll,0,1,489,421.5441021,0.6616288869,0.0221577618,0.6181206853,0.7051370884
ABC Weighted,MN,somecoll,1,1,168,215.5866376,0.3383711131,0.0221577618,0.2948629116,0.3818793147
ABC Weighted,MN,coll,0,1,441,477.1267267,0.7488678492,0.017166565,0.715160186,0.7825755125
ABC Weighted,MN,coll,1,1,216,160.004013,0.2511321508,0.017166565,0.2174244875,0.284839814
ABC Weighted,MN,postcoll,0,1,530,553.1631882,0.8682098567,0.0126181496,0.8434333019,0.8929864114
ABC Weighted,MN,postcoll,1,1,127,83.9675515,0.1317901433,0.0126181496,0.1070135886,0.1565666981
ABC Weighted,MN,white,0,1,88,95.2949098,0.1495688465,0.016699988,0.1167773375,0.1823603555
ABC Weighted,MN,white,1,1,569,541.8358299,0.8504311535,0.016699988,0.8176396445,0.8832226625
ABC Weighted,MN,black,0,1,638,612.411423,0.9612021283,0.0096086694,0.9423348831,0.9800693735
ABC Weighted,MN,black,1,1,19,24.7193167,0.0387978717,0.0096086694,0.0199306265,0.0576651169
ABC Weighted,MN,hisp,0,1,635,610.4360204,0.9581016617,0.0096052645,0.9392411022,0.9769622212
ABC Weighted,MN,hisp,1,1,22,26.6947193,0.0418983383,0.0096052645,0.0230377788,0.0607588978
ABC Weighted,MN,other,0,1,618,595.3306422,0.9343932181,0.0113920072,0.9120242735,0.9567621627
ABC Weighted,MN,other,1,1,39,41.8000975,0.0656067819,0.0113920072,0.0432378373,0.0879757265
ABC Weighted,MN,lib,0,1,502,476.0533163,0.7471830923,0.0199117206,0.7080851381,0.7862810465
ABC Weighted,MN,lib,1,1,155,161.0774234,0.2528169077,0.0199117206,0.2137189535,0.2919148619
ABC Weighted,MN,noideo,0,1,633,611.5341232,0.9598251742,0.0088815113,0.9423857509,0.9772645974
ABC Weighted,MN,noideo,1,1,24,25.5966165,0.0401748258,0.0088815113,0.0227354026,0.0576142491
ABC Weighted,MN,demparty,0,1,316,306.0385022,0.480338623,0.0221872136,0.4367725908,0.5239046552
ABC Weighted,MN,demparty,1,1,341,331.0922375,0.519661377,0.0221872136,0.4760953448,0.5632274092
ABC Weighted,NC,trumpind,0,1,327,321.6943156,0.5319457788,0.0233461588,0.4861022574,0.5777893002
ABC Weighted,NC,trumpind,1,1,307,283.0558834,0.4680542212,0.0233461588,0.4222106998,0.5138977426
ABC Weighted,NC,male,0,1,293,315.3986095,0.5215353546,0.0233906796,0.4756044103,0.567466299
ABC Weighted,NC,male,1,1,341,289.3515895,0.4784646454,0.0233906796,0.432533701,0.5243955897
ABC Weighted,NC,age1,0,1,597,547.8966655,0.9059884005,0.0154417382,0.8756663393,0.9363104618
ABC Weighted,NC,age1,1,1,37,56.8535335,0.0940115995,0.0154417382,0.0636895382,0.1243336607
ABC Weighted,NC,age2,0,1,604,559.054032,0.9244379463,0.013804017,0.897331785,0.9515441077
ABC Weighted,NC,age2,1,1,30,45.696167,0.0755620537,0.013804017,0.0484558923,0.102668215
ABC Weighted,NC,age3,0,1,572,514.7935739,0.8512499454,0.0178578745,0.816183455,0.8863164358
ABC Weighted,NC,age3,1,1,62,89.9566251,0.1487500546,0.0178578745,0.1136835642,0.183816545
ABC Weighted,NC,age4,0,1,557,504.3998543,0.8340631473,0.0192155801,0.7963306079,0.8717956867
ABC Weighted,NC,age4,1,1,77,100.3503447,0.1659368527,0.0192155801,0.1282043133,0.2036693921
ABC Weighted,NC,age5,0,1,443,432.9736026,0.7159544607,0.0205711643,0.6755600379,0.7563488836
ABC Weighted,NC,age5,1,1,191,171.7765964,0.2840455393,0.0205711643,0.2436511164,0.3244399621
ABC Weighted,NC,age6,0,1,397,464.6332667,0.7683060997,0.0170784002,0.7347702187,0.8018419807
ABC Weighted,NC,age6,1,1,237,140.1169323,0.2316939003,0.0170784002,0.1981580193,0.2652297813
ABC Weighted,NC,hsless,0,1,472,414.2826648,0.6850475874,0.0237445871,0.638421695,0.7316734797
ABC Weighted,NC,hsless,1,1,162,190.4675342,0.3149524126,0.0237445871,0.2683265203,0.361578305
ABC Weighted,NC,somecoll,0,1,427,388.2660048,0.6420270807,0.0224141262,0.5980137386,0.6860404227
ABC Weighted,NC,somecoll,1,1,207,216.4841942,0.3579729193,0.0224141262,0.3139595773,0.4019862614
ABC Weighted,NC,coll,0,1,470,475.1108856,0.7856316317,0.01729342,0.7516735285,0.8195897348
ABC Weighted,NC,coll,1,1,164,129.6393134,0.2143683683,0.01729342,0.1804102652,0.2483264715
ABC Weighted,NC,postcoll,0,1,534,536.9803811,0.8879375021,0.0125457576,0.863302113,0.9125728912
ABC Weighted,NC,postcoll,1,1,100,67.7698179,0.1120624979,0.0125457576,0.0874271088,0.136697887
ABC Weighted,NC,white,0,1,169,171.6911627,0.2839042682,0.0226338282,0.2394595099,0.3283490266
ABC Weighted,NC,white,1,1,465,433.0590363,0.7160957318,0.0226338282,0.6716509734,0.7605404901
ABC Weighted,NC,black,0,1,515,485.6408229,0.8030436761,0.0202451508,0.7632894273,0.8427979248
ABC Weighted,NC,black,1,1,119,119.1093761,0.1969563239,0.0202451508,0.1572020752,0.2367105727
ABC Weighted,NC,hisp,0,1,616,577.4445135,0.9548479925,0.0112538262,0.9327494954,0.9769464896
ABC Weighted,NC,hisp,1,1,18,27.3056855,0.0451520075,0.0112538262,0.0230535104,0.0672505046
ABC Weighted,NC,other,0,1,608,581.1566361,0.9609862668,0.0098806355,0.941584226,0.9803883076
ABC Weighted,NC,other,1,1,26,23.5935629,0.0390137332,0.0098806355,0.0196116924,0.058415774
ABC Weighted,NC,lib,0,1,499,473.2074487,0.7824841554,0.0191098947,0.7449591444,0.8200091664
ABC Weighted,NC,lib,1,1,135,131.5427503,0.2175158446,0.0191098947,0.1799908336,0.2550408556
ABC Weighted,NC,noideo,0,1,624,586.7325049,0.9702063858,0.0120717197,0.9465018379,0.9939109338
ABC Weighted,NC,noideo,1,1,10,18.0176941,0.0297936142,0.0120717197,0.0060890662,0.0534981621
ABC Weighted,NC,demparty,0,1,336,312.6127794,0.5169287748,0.023582945,0.4706202898,0.5632372597
ABC Weighted,NC,demparty,1,1,298,292.1374196,0.4830712252,0.023582945,0.4367627403,0.5293797102
ABC Weighted,PA,trumpind,0,1,452,437.1654399,0.543916568,0.0196253511,0.5053940248,0.5824391112
ABC Weighted,PA,trumpind,1,1,351,366.5707682,0.456083432,0.0196253511,0.4175608888,0.4946059752
ABC Weighted,PA,male,0,1,402,412.3241725,0.5130093286,0.0196231859,0.4744910355,0.5515276217
ABC Weighted,PA,male,1,1,401,391.4120356,0.4869906714,0.0196231859,0.4484723783,0.5255089645
ABC Weighted,PA,age1,0,1,762,733.7296819,0.9128986283,0.0133918503,0.8866118053,0.9391854513
ABC Weighted,PA,age1,1,1,41,70.0065262,0.0871013717,0.0133918503,0.0608145487,0.1133881947
ABC Weighted,PA,age2,0,1,775,764.2327865,0.950850265,0.0096282335,0.9319510343,0.9697494958
ABC Weighted,PA,age2,1,1,28,39.5034216,0.049149735,0.0096282335,0.0302505042,0.0680489657
ABC Weighted,PA,age3,0,1,694,638.2123933,0.7940570387,0.0177602461,0.7591955045,0.8289185729
ABC Weighted,PA,age3,1,1,109,165.5238148,0.2059429613,0.0177602461,0.1710814271,0.2408044955
ABC Weighted,PA,age4,0,1,700,682.8336976,0.8495743886,0.0143457139,0.8214152295,0.8777335478
ABC Weighted,PA,age4,1,1,103,120.9025105,0.1504256114,0.0143457139,0.1222664522,0.1785847705
ABC Weighted,PA,age5,0,1,572,581.0837691,0.722978215,0.0168643174,0.6898752967,0.7560811334
ABC Weighted,PA,age5,1,1,231,222.652439,0.277021785,0.0168643174,0.2439188666,0.3101247033
ABC Weighted,PA,age6,0,1,512,618.5887121,0.7696414643,0.0137973766,0.7425586348,0.7967242938
ABC Weighted,PA,age6,1,1,291,185.147496,0.2303585357,0.0137973766,0.2032757062,0.2574413652
ABC Weighted,PA,hsless,0,1,547,478.7660741,0.5956756325,0.0199697675,0.5564770354,0.6348742296
ABC Weighted,PA,hsless,1,1,256,324.970134,0.4043243675,0.0199697675,0.3651257704,0.4435229646
ABC Weighted,PA,somecoll,0,1,598,583.9837804,0.7265863781,0.0176020359,0.6920353942,0.761137362
ABC Weighted,PA,somecoll,1,1,205,219.7524277,0.2734136219,0.0176020359,0.238862638,0.3079646058
ABC Weighted,PA,coll,0,1,596,644.7071118,0.802137698,0.013808042,0.7750339336,0.8292414625
ABC Weighted,PA,coll,1,1,207,159.0290963,0.197862302,0.013808042,0.1707585375,0.2249660664
ABC Weighted,PA,postcoll,0,1,671,706.544724,0.8790753942,0.0109804166,0.8575219673,0.9006288212
ABC Weighted,PA,postcoll,1,1,132,97.1914841,0.1209246058,0.0109804166,0.0993711788,0.1424780327
ABC Weighted,PA,white,0,1,143,161.0802953,0.2004143818,0.0168642903,0.1673115167,0.2335172469
ABC Weighted,PA,white,1,1,660,642.6559128,0.7995856182,0.0168642903,0.7664827531,0.8326884833
ABC Weighted,PA,black,0,1,735,727.7142247,0.9054142608,0.0120460014,0.8817692005,0.9290593211
ABC Weighted,PA,black,1,1,68,76.0219834,0.0945857392,0.0120460014,0.0709406789,0.1182307995
ABC Weighted,PA,hisp,0,1,768,755.1807733,0.939587847,0.0111185654,0.917763248,0.9614124459
ABC Weighted,PA,hisp,1,1,35,48.5554348,0.060412153,0.0111185654,0.0385875541,0.082236752
ABC Weighted,PA,other,0,1,776,769.8984333,0.9578994022,0.00840619,0.9413989168,0.9743998876
ABC Weighted,PA,other,1,1,27,33.8377748,0.0421005978,0.00840619,0.0256001124,0.0586010832
ABC Weighted,PA,lib,0,1,640,648.4612285,0.8068085299,0.015138647,0.7770929248,0.836524135
ABC Weighted,PA,lib,1,1,163,155.2749796,0.1931914701,0.015138647,0.163475865,0.2229070752
ABC Weighted,PA,noideo,0,1,762,757.7910466,0.9428355211,0.0099024322,0.9233980664,0.9622729758
ABC Weighted,PA,noideo,1,1,41,45.9451615,0.0571644789,0.0099024322,0.0377270242,0.0766019336
ABC Weighted,PA,demparty,0,1,415,435.0388961,0.5412707449,0.0195037294,0.5029869327,0.5795545572
ABC Weighted,PA,demparty,1,1,388,368.697312,0.4587292551,0.0195037294,0.4204454428,0.4970130673
ABC Weighted,WI,trumpind,0,1,507,490.750473,0.6035858436,0.0195197254,0.5652722158,0.6418994713
ABC Weighted,WI,trumpind,1,1,320,322.3078156,0.3964141564,0.0195197254,0.3581005287,0.4347277842
ABC Weighted,WI,male,0,1,389,421.1572714,0.5179914863,0.0198756648,0.4789792151,0.5570037576
ABC Weighted,WI,male,1,1,438,391.9010172,0.4820085137,0.0198756648,0.4429962424,0.5210207849
ABC Weighted,WI,age1,0,1,778,721.6083929,0.8875235675,0.0154417615,0.8572142322,0.9178329028
ABC Weighted,WI,age1,1,1,49,91.4498957,0.1124764325,0.0154417615,0.0821670972,0.1427857678
ABC Weighted,WI,age2,0,1,804,779.6257979,0.9588805733,0.0091269895,0.940965973,0.9767951736
ABC Weighted,WI,age2,1,1,23,33.4324907,0.0411194267,0.0091269895,0.0232048264,0.059034027
ABC Weighted,WI,age3,0,1,733,665.5863747,0.8186207361,0.0174990589,0.7842733047,0.8529681675
ABC Weighted,WI,age3,1,1,94,147.4719139,0.1813792639,0.0174990589,0.1470318325,0.2157266953
ABC Weighted,WI,age4,0,1,718,681.4464588,0.8381274361,0.0149868378,0.8087110322,0.86754384
ABC Weighted,WI,age4,1,1,109,131.6118298,0.1618725639,0.0149868378,0.13245616,0.1912889678
ABC Weighted,WI,age5,0,1,576,584.1590797,0.718471342,0.0169423281,0.6852166706,0.7517260133
ABC Weighted,WI,age5,1,1,251,228.8992089,0.281528658,0.0169423281,0.2482739867,0.3147833294
ABC Weighted,WI,age6,0,1,526,632.865339,0.7783763451,0.0134771725,0.7519231363,0.8048295538
ABC Weighted,WI,age6,1,1,301,180.1929496,0.2216236549,0.0134771725,0.1951704462,0.2480768637
ABC Weighted,WI,hsless,0,1,587,521.2731186,0.6411263816,0.0197863187,0.6022894803,0.6799632829
ABC Weighted,WI,hsless,1,1,240,291.78517,0.3588736184,0.0197863187,0.3200367171,0.3977105197
ABC Weighted,WI,somecoll,0,1,609,545.5826252,0.6710252301,0.0195249508,0.6327013458,0.7093491144
ABC Weighted,WI,somecoll,1,1,218,267.4756634,0.3289747699,0.0195249508,0.2906508856,0.3672986542
ABC Weighted,WI,coll,0,1,599,645.0140432,0.7933183294,0.0141473047,0.7655497745,0.8210868843
ABC Weighted,WI,coll,1,1,228,168.0442454,0.2066816706,0.0141473047,0.1789131157,0.2344502255
ABC Weighted,WI,postcoll,0,1,686,727.3050788,0.8945300589,0.0096523824,0.875584209,0.9134759088
ABC Weighted,WI,postcoll,1,1,141,85.7532098,0.1054699411,0.0096523824,0.0865240912,0.124415791
ABC Weighted,WI,white,0,1,107,107.203573,0.1318522602,0.014122818,0.1041317681,0.1595727522
ABC Weighted,WI,white,1,1,720,705.8547156,0.8681477398,0.014122818,0.8404272478,0.8958682319
ABC Weighted,WI,black,0,1,796,777.4825738,0.9562445703,0.0088464074,0.9388807011,0.9736084395
ABC Weighted,WI,black,1,1,31,35.5757148,0.0437554297,0.0088464074,0.0263915605,0.0611192989
ABC Weighted,WI,hisp,0,1,798,778.5134293,0.9575124443,0.0087844569,0.9402701725,0.9747547162
ABC Weighted,WI,hisp,1,1,29,34.5448593,0.0424875557,0.0087844569,0.0252452838,0.0597298275
ABC Weighted,WI,other,0,1,794,778.7628829,0.9578192533,0.0081156848,0.9418896579,0.9737488488
ABC Weighted,WI,other,1,1,33,34.2954057,0.0421807467,0.0081156848,0.0262511512,0.0581103421
ABC Weighted,WI,lib,0,1,624,599.8164285,0.7377286929,0.0178413503,0.7027094066,0.7727479792
ABC Weighted,WI,lib,1,1,203,213.2418601,0.2622713071,0.0178413503,0.2272520208,0.2972905934
ABC Weighted,WI,noideo,0,1,806,788.9927372,0.9704011979,0.0076234897,0.9554376909,0.9853647049
ABC Weighted,WI,noideo,1,1,21,24.0655514,0.0295988021,0.0076234897,0.0146352951,0.0445623091
ABC Weighted,WI,demparty,0,1,406,403.1334246,0.4958235224,0.0199516735,0.45666206,0.5349849848
ABC Weighted,WI,demparty,1,1,421,409.924864,0.5041764776,0.0199516735,0.4650150152,0.54333794
