array_id,avg_samp_frac,true_corr_uz1,true_corr_z1z2,is_u_latent,true_mean_y,n_sim,pop_size,seed,true_log_or_samp_z2,true_log_or_samp_y,true_baseline_log_odds_samp,sim_id,mean_y,var_y,bar_s,AUC_selection,pR2_selection,CV_selection,RInd,mean_yhat,n_samp,mean_yhat_samp,var_yhat_samp,cor_yhaty_samp,mean_y_samp,var_y_samp,cor_yinv_propensity_samp,var_inv_propensity_samp,FMI,SMUB0,SMUB50,SMUB100,eb,steb
177,0.25,0.25,0,FALSE,0,167,1e4,177,0.375,0.125,NA,1,-0.005716275246077834,1.0582011298880825,0.2508,0.6098715557093968,0.04118742393387252,0.29082359103691235,0.8541228867358844,0.06435328262085065,2508,0.05783886502137936,0.07287002681143764,0.2699787918862314,0.057838865021379374,0.9997458962017733,0.012279334512413085,1.50881698027463,0.8020712466352107,-0.006515245426367728,-0.024132434184360823,-0.08938640704241016,0.0635551402674572,0.061782655525940096
177,0.25,0.25,0,FALSE,0,167,1e4,177,0.375,0.125,NA,2,0.0017157412336908575,1.0573401693138704,0.2537,0.608373692293887,0.040713260530394584,0.2873353573062315,0.8542060397028178,0.06886961156381674,2537,0.08356429119869464,0.06357922189780459,0.24297968648889895,0.08356429119869442,1.0768997443187986,-0.05575427178397587,1.431126134943863,0.6669790400730051,0.014160301008577857,0.05827771536459201,0.23984603901139098,0.08184854996500357,0.07959826910535796
177,0.25,0.25,0,FALSE,0,167,1e4,177,0.375,0.125,NA,3,-0.005095379379954102,1.043162522911637,0.2429,0.6113383123910173,0.04271850173779901,0.3015718769201944,0.853496382192169,0.09546023807692297,2429,0.08713009172586506,0.07735155995027802,0.26883990148722986,0.08713009172586496,1.0702410911142668,0.029283547814026967,1.6797476626196726,0.6857245815274988,-0.008052149337445476,-0.02995146662716643,-0.1114100491090574,0.09222547110581907,0.09029732698422802
177,0.25,0.25,0,FALSE,0,167,1e4,177,0.375,0.125,NA,4,-0.0012663907492735016,1.076164786738903,0.2501,0.6085097898432306,0.039757644828164754,0.2861035560682742,0.856891001254649,0.10959219363789273,2501,0.10982945354090706,0.07325966459721932,0.2575275966058464,0.1098294535409068,1.1046313802455612,0.011437678070255046,1.470020168924525,0.7204541946956693,2.2574371109292297e-4,8.765806619103055e-4,0.0034038319522390376,0.1110958442901803,0.10709234418656559
177,0.25,0.25,0,FALSE,0,167,1e4,177,0.375,0.125,NA,5,-0.005513447401395816,1.0442576317016983,0.2534,0.6036704462492528,0.03889771440024048,0.2809441702621423,0.8576174945111461,0.10252613237633294,2534,0.11390633995692602,0.06117209834489591,0.23891434125910455,0.11390633995692634,1.0716894079880122,-0.03718920826280666,1.3999737346927212,0.7366575312986704,0.010992987007419946,0.04601225254828031,0.1925889099239114,0.11941978735832215,0.11686177126417409
177,0.25,0.25,0,FALSE,0,167,1e4,177,0.375,0.125,NA,6,-0.004998191221453609,1.0655828096801088,0.2441,0.6033390801050038,0.036631588135049936,0.27825543102356576,0.8641556985742951,0.05102212284810617,2441,0.06063083372349782,0.07064557931346419,0.26291020364361806,0.060630833723497805,1.022045211217002,-0.0419526560145529,1.4324833266472696,0.7700873102706701,0.009504517439327197,0.03615119271753647,0.13750395464506351,0.06562902494495142,0.06357733934294635
177,0.25,0.25,0,FALSE,0,167,1e4,177,0.375,0.125,NA,7,-0.0017509728588109021,1.033091864615705,0.2528,0.6045908681440246,0.03876373858817064,0.2808937890447674,0.8579801002589654,0.07841099474346352,2528,0.08195183717900185,0.05870123161260824,0.23941803370402845,0.08195183717900172,1.0240790787600753,-0.011619659600207225,1.303435089808743,0.7797503768515313,0.00349896706440202,0.01461446746625397,0.06104163182761979,0.08370281003781262,0.08235132049169873
177,0.25,0.25,0,FALSE,0,167,1e4,177,0.375,0.125,NA,8,9.786604353280537e-4,1.0544755537561823,0.2577,0.6026641074205852,0.03789670507415143,0.27473339081061526,0.8584024103762088,0.09119985803551349,2577,0.09526172325525245,0.063243507543247,0.2434684985691613,0.09526172325525249,1.066916405754075,-0.011402337198474326,1.2205035545694471,0.7235951825324812,0.003932423764625774,0.016151673780124387,0.06633989150566119,0.09428306281992443,0.09181537754854084
177,0.25,0.25,0,FALSE,0,167,1e4,177,0.375,0.125,NA,9,-0.008441374574495755,1.0603429718959263,0.2524,0.5981524396293177,0.032935684058233786,0.25860892179826844,0.8694542162762341,0.08353445902099092,2524,0.08679801853705273,0.05709945910967227,0.23278606029208074,0.08679801853705281,1.053702604857663,-0.015227243016279677,1.1585026229406106,0.8022551718587259,0.0031793073224781524,0.013657636193889875,0.05867033522863611,0.09523939311154857,0.09248971436723476
177,0.25,0.25,0,FALSE,0,167,1e4,177,0.375,0.125,NA,10,-0.0030897270389766782,1.065311236494516,0.2522,0.6052111570625672,0.04034529026486143,0.28714741890011536,0.8551628419067816,0.10065105883046785,2522,0.10737003086214958,0.06100160419652435,0.2336584341496576,0.10737003086214954,1.117321953841717,-0.019916100067773473,1.4680795714898855,0.7447910487890885,0.006356435833073614,0.027203964865237153,0.11642620547483892,0.11045975790112622,0.1070202184494922
177,0.25,0.25,0,FALSE,0,167,1e4,177,0.375,0.125,NA,11,9.895042579235154e-4,1.0803154705441353,0.2543,0.6068119428042312,0.039197257788080614,0.2813304418068287,0.8569153372970467,0.08292230628174622,2543,0.09467478390859646,0.06033454286746781,0.23909490946524384,0.09467478390859659,1.0554201153159768,-0.04821269882235574,1.2344747551394482,0.7851247301069681,0.011439755686010888,0.047846086357910655,0.20011336278519065,0.09368527965067307,0.09013553893527347
177,0.25,0.25,0,FALSE,0,167,1e4,177,0.375,0.125,NA,12,-0.009988633160998234,1.0956164589885327,0.2512,0.6050502725805025,0.03832697673104602,0.2800037429453266,0.8593261195442677,0.10286507294233078,2512,0.1050753825328496,0.07503661127241476,0.2635612266086322,0.10507538253284959,1.0802149224843975,-0.0024953753863910123,1.2819980747048136,0.7848697337241897,0.0021266598005609846,0.008068940291126009,0.030615050608744334,0.11506401569384783,0.10992848754423026
177,0.25,0.25,0,FALSE,0,167,1e4,177,0.375,0.125,NA,13,0.006012878554111539,1.0595806774666048,0.2524,0.6033410452804495,0.039420989575590544,0.28357012193897335,0.856853802445206,0.11318112758704711,2524,0.10546109661386759,0.0665392782113145,0.2560448591432377,0.10546109661386759,1.0149530768897694,0.036005421956404896,1.3413752335185445,0.7735365061576992,-0.007662951211599257,-0.029928158828263822,-0.11688638830089255,0.09944821805975605,0.09661175932057481
177,0.25,0.25,0,FALSE,0,167,1e4,177,0.375,0.125,NA,14,-0.0030108613835376163,1.0867425042735537,0.2475,0.599497298567066,0.03296858704501132,0.261673345602274,0.8704716939268743,0.11734340462856972,2475,0.12468077436221604,0.05491519235322274,0.22594222308845488,0.1246807743622161,1.0757162124603143,-0.024906371186841518,1.1210463804423614,0.7305005200058011,0.00707443151841419,0.031310798936613975,0.1385787858002796,0.1276916357457537,0.12248957384596493
177,0.25,0.25,0,FALSE,0,167,1e4,177,0.375,0.125,NA,15,0.0033720868899796193,1.0755359076025586,0.2494,0.6010571387850959,0.0351651452475959,0.2693029447427571,0.8656716911623127,0.12610316761459872,2494,0.11860434170255972,0.06823123793993537,0.2522905371888321,0.11860434170255994,1.0719667825743295,0.04246906875698468,1.3267523567163741,0.797079227283607,-0.007242735201710548,-0.02870791462261453,-0.11378910577659714,0.11523225481258033,0.11111216323702068
177,0.25,0.25,0,FALSE,0,167,1e4,177,0.375,0.125,NA,16,0.0010891877546336142,1.0582338134489346,0.2458,0.5970498487558363,0.031872186525697115,0.258448706918527,0.8729466156788521,0.07973597449170107,2458,0.09602418307988274,0.08170908627134334,0.27670214802762483,0.0960241830798828,1.0671987129480032,-0.05776404973710951,1.168760146573065,0.7524959590855044,0.015767058388376085,0.056982059954236296,0.20593284280737653,0.09493499532524918,0.09228593490117987
177,0.25,0.25,0,FALSE,0,167,1e4,177,0.375,0.125,NA,17,-0.010427804032153013,1.0565396999613368,0.2483,0.6014674430265756,0.03678388193025074,0.2760051143175644,0.8629358602298973,0.05611009727059533,2483,0.07278155477401753,0.07568085770148833,0.26776119006465077,0.07278155477401754,1.0555791082499444,-0.0477466921614667,1.3684162497900552,0.7862638918906695,0.01622662413919508,0.06060110554213317,0.22632520242198306,0.08320935880617056,0.08095231357681092
177,0.25,0.25,0,FALSE,0,167,1e4,177,0.375,0.125,NA,18,0.0037240716908294607,1.0744140076591728,0.2541,0.6080840775169774,0.03985626896182035,0.2839019015097565,0.8557210536527415,0.09929782949984159,2541,0.0974544981166527,0.06756467586099181,0.2516137745915672,0.09745449811665245,1.067212422523712,0.004516435256673708,1.429301789234891,0.7651383103258541,-0.001784341519827478,-0.007091589173621021,-0.028184423468597716,0.093730426425823,0.09042630018727868
177,0.25,0.25,0,FALSE,0,167,1e4,177,0.375,0.125,NA,19,0.002007402452524337,1.0655223594379963,0.2507,0.6065608582103834,0.03908250937106158,0.28330022367587643,0.8579532678489153,0.08721181257836745,2507,0.10361307570686253,0.052797843322487215,0.22291503109250177,0.10361307570686241,1.0625208848737253,-0.04736030174266014,1.4833319082955736,0.7097893842141357,0.015911406037691204,0.0713787937929073,0.32020628417510194,0.10160567325433807,0.09843208264639086
177,0.25,0.25,0,FALSE,0,167,1e4,177,0.375,0.125,NA,20,0.006039453442005044,1.0613810675583657,0.2538,0.6066735763803746,0.03833895327144739,0.2787529083084057,0.8585050237426531,0.08672255487847608,2538,0.09820448741556402,0.04946111488212316,0.2145884269127411,0.0982044874155642,1.0741163050598093,-0.041432730016234647,1.386766051061489,0.8141972478059026,0.011078713620374686,0.0516277311864524,0.24058954124047882,0.09216503397355916,0.08946033480928217
177,0.25,0.25,0,FALSE,0,167,1e4,177,0.375,0.125,NA,21,-0.010386173582216014,1.0606193104788406,0.2489,0.6131617647806118,0.045605857372501085,0.30777088211801407,0.8467916548816516,0.095703602055590975,2489,0.0893427604656174,0.05892386617242172,0.2367219992151736,0.08934276046561733,1.0515114219804822,0.024774186594287505,1.7294761371798066,0.7513281482394383,-0.0062030828648436745,-0.026204082786599175,-0.11069559598801973,0.09972893404783334,0.09683701907491926
177,0.25,0.25,0,FALSE,0,167,1e4,177,0.375,0.125,NA,22,0.015258643406601437,1.0656558822330338,0.2455,0.5992073897416587,0.03508177903353938,0.2713411139815598,0.8667715130350541,0.12564906875567822,2455,0.14011581520305647,0.06195005757920888,0.23949324108440798,0.14011581520305624,1.0800781779225939,-0.051120654623029095,1.2995778615236548,0.7963902838853527,0.01392012945063942,0.05812326639202879,0.24269272121772986,0.12485717179645481,0.12094975696226397
177,0.25,0.25,0,FALSE,0,167,1e4,177,0.375,0.125,NA,23,0.005297053326304408,1.0551826993678795,0.2489,0.5969821735674246,0.03248400725256636,0.25883012487792306,0.8711543638357698,0.12476670717106643,2489,0.12792427318868482,0.06695683436655912,0.24794273952445864,0.12792427318868496,1.0891610996550283,-0.020836368147775133,1.1628243040469557,0.7357918091642478,0.0030255642406628843,0.012202673272327958,0.04921569107339887,0.12262721986238055,0.11937765712946026
177,0.25,0.25,0,FALSE,0,167,1e4,177,0.375,0.125,NA,24,-1.683169287872783e-4,1.0640689763394107,0.2433,0.6017692827754754,0.034184932521116373,0.26913909378350914,0.8690369169649443,0.10263719168066664,2433,0.10807657518216922,0.07483598773591386,0.2678501304883713,0.10807657518216929,1.0431019819264689,-0.03086117523694643,1.372491311985718,0.8161235491419176,0.005325817671547989,0.019883573182650396,0.07423394995700269,0.10824489211095657,0.10493552056026728
177,0.25,0.25,0,FALSE,0,167,1e4,177,0.375,0.125,NA,25,0.012792248832002454,1.0404535112676823,0.2518,0.6130533773510755,0.04428061047006054,0.30140400016068686,0.8482129455190776,0.07117871378935971,2518,0.08214082274028688,0.05568381371718592,0.23021195814826745,0.08214082274028685,1.0506866498917973,-0.0349155384980971,1.5925296540678175,0.7992852658813593,0.010694426674039262,0.04645469661984953,0.20179097990179334,0.06934857390828439,0.06798704957058345
177,0.25,0.25,0,FALSE,0,167,1e4,177,0.375,0.125,NA,26,0.005215215083417251,1.078906696391144,0.2495,0.6078733082420671,0.039362850179707365,0.28468140805156783,0.8579439773822674,0.0922184153723424,2495,0.08696897102007992,0.07163439867046092,0.26312799370237416,0.08696897102007993,1.0346358222224035,0.0034563149767239177,1.476287862442972,0.7923884401393038,-0.005160830324929726,-0.01961338378449834,-0.07453932783253449,0.08175375593666268,0.07870743689994357
177,0.25,0.25,0,FALSE,0,167,1e4,177,0.375,0.125,NA,27,0.0014152783187288186,1.046288862015303,0.2486,0.6118390214372699,0.04289982134227711,0.2986633602411453,0.851504577288102,0.08540137772733236,2486,0.08908989872269393,0.08281159847359594,0.27517793504728344,0.08908989872269403,1.0936137273806565,-0.021400154479844186,1.476504028031542,0.7493339733476573,0.003527120388357982,0.012817598866536743,0.046579311907164044,0.08767462040396522,0.08571327576240283
177,0.25,0.25,0,FALSE,0,167,1e4,177,0.375,0.125,NA,28,-0.007014178685602808,1.0709123329102963,0.2509,0.6019188217836959,0.034637967550919406,0.26619711197325724,0.8664222892118194,0.06184494135098241,2509,0.06963676769936722,0.06124208160301652,0.23772226550924375,0.06963676769936747,1.0837028684810155,-0.028833162884745068,1.2189303665200302,0.7558599324003761,0.0074848681371484016,0.031485768155180886,0.13244770357430644,0.07665094638497028,0.07406969584507585
177,0.25,0.25,0,FALSE,0,167,1e4,177,0.375,0.125,NA,29,-0.005148812944773941,1.068919992321454,0.2517,0.6105942374162259,0.04176045713935868,0.29206289861644374,0.8529755368364818,0.08731817418793215,2517,0.08016814487912022,0.0682247571174644,0.252684517458217,0.08016814487912043,1.068525111831268,0.01978797135115527,1.4242609361303304,0.7671075057497561,-0.006916963045951752,-0.027373909234844652,-0.10833235652980241,0.08531695782389437,0.08252067302019997
177,0.25,0.25,0,FALSE,0,167,1e4,177,0.375,0.125,NA,30,-0.010006264725861367,1.0838624912867116,0.2447,0.6038008967659733,0.03709324816430193,0.2797189035802646,0.8631055685878184,0.09227202217883833,2447,0.10127642513009685,0.062421883634843724,0.24130238243915828,0.10127642513009687,1.07204656616334,-0.02814360890214615,1.349066470227262,0.7463158213408677,0.008696571994307444,0.03604014144576541,0.14935675761449446,0.11128268985595824,0.10689084764557645
177,0.25,0.25,0,FALSE,0,167,1e4,177,0.375,0.125,NA,31,-0.0050513111283288035,1.0675044078084497,0.2441,0.6131697341557625,0.043397024835016285,0.30338787898230885,0.8518860374808361,0.10026994784257469,2441,0.09539021354687842,0.0583824393793264,0.23446531919664218,0.09539021354687838,1.0620012068830527,0.008144688636494597,1.7748850478017824,0.8065998981899609,-0.00473514922360143,-0.020195520769662904,-0.08613436238186363,0.10044152467520719,0.09721392052900833
177,0.25,0.25,0,FALSE,0,167,1e4,177,0.375,0.125,NA,32,-0.005969252316672586,1.0563640442188393,0.2507,0.5967533532560186,0.03393677226954353,0.2636507720118822,0.8678055029132422,0.07788681190483922,2507,0.08311799541306945,0.05154865347993525,0.22379791828926596,0.08311799541306951,1.0292129460399937,-9.099187074060324e-4,1.1638456281539322,0.7167022018043447,0.0051564087300549665,0.02304046780001833,0.1029521095466035,0.0890872477297421,0.08667797102550906
177,0.25,0.25,0,FALSE,0,167,1e4,177,0.375,0.125,NA,33,-0.024013463141344688,1.0592073568266092,0.2527,0.6046132519492016,0.03703168869660536,0.27448128763342167,0.8612771572300686,0.11029492392205466,2527,0.10357275517939182,0.052652537955525554,0.22459338572733384,0.10357275517939157,1.0438194513504224,0.016968079625448232,1.2914254903594837,0.7176178589285828,-0.006579557964540624,-0.0292954217829393,-0.1304375980978586,0.12758621832073627,0.12396904933055322
177,0.25,0.25,0,FALSE,0,167,1e4,177,0.375,0.125,NA,34,0.0014708087851434792,1.0735694188939757,0.2504,0.6077616528602262,0.04016801265536411,0.28750921653372424,0.8560153843599106,0.09723563851475175,2504,0.10617381528223772,0.07663725386002714,0.26261426402883237,0.1061738152822377,1.1112283472381663,-0.028382614968742684,1.4911244983450989,0.7207842351250763,0.008479051703103743,0.03228709504588384,0.12294494042539536,0.10470300649709421,0.10105180758519645
177,0.25,0.25,0,FALSE,0,167,1e4,177,0.375,0.125,NA,35,-0.004055205513663453,1.042712998131556,0.2409,0.6046232241005071,0.037393789682524485,0.2836538686031467,0.8633355661070038,0.09014286197898116,2409,0.09454019540627313,0.06308491211636989,0.24716069378719868,0.09454019540627322,1.032682199623133,0.0038502398833706367,1.5375296983825721,0.8139043474565336,0.004327190865185583,0.017507601224453686,0.07083489270153712,0.09859540091993667,0.09655488782691429
177,0.25,0.25,0,FALSE,0,167,1e4,177,0.375,0.125,NA,36,-0.01479348957199885,1.0755610822170079,0.2467,0.6112385600641329,0.04356150265331858,0.3020238865933367,0.8509814143548469,0.044370502473254685,2467,0.061493348254738935,0.07571478128753363,0.2600454529545837,0.06149334825473895,1.119649636902967,-0.04207403479092108,1.5854486074085195,0.794659077919917,0.016182099729669695,0.06222796647975175,0.2392964990263441,0.0762868378267378,0.0735583660257611
177,0.25,0.25,0,FALSE,0,167,1e4,177,0.375,0.125,NA,37,0.00967208409108058,1.0238887829542571,0.2464,0.6112103461824799,0.04280117818956773,0.29950270610534335,0.8524050664312861,0.11319358843941225,2464,0.11550839913688796,0.05566228407470528,0.23644053406650778,0.11550839913688815,0.9956739852385296,-0.016422152686819663,1.738983251270357,0.8195124266849511,0.0023198339539989388,0.009811490077866252,0.04149664995726326,0.10583631504580757,0.10459437226731218
177,0.25,0.25,0,FALSE,0,167,1e4,177,0.375,0.125,NA,38,-0.006520659635337214,1.065250207483769,0.2558,0.6033683944999526,0.03668937225987228,0.27150901143195183,0.8610959897514134,0.07946069434700062,2558,0.07071838635706558,0.07682931267501639,0.2674415040750307,0.07071838635706557,1.0741608903222808,0.035483962609039174,1.203170593037864,0.7531653749922494,-0.008435123287412324,-0.03154006823505544,-0.11793258620848496,0.07723904599240278,0.07483608977053563
177,0.25,0.25,0,FALSE,0,167,1e4,177,0.375,0.125,NA,39,0.010869440296081442,1.078212807052796,0.2468,0.5874891118262782,0.024878423482447957,0.22737724243389854,0.8877665931346277,0.10649865415732807,2468,0.10700966877245115,0.07428649491907041,0.26355592044386755,0.10700966877245112,1.0694594302547606,0.0025305154979487843,0.9132442923069828,0.6582788933937926,4.94141312066251e-4,0.0018749012021207613,0.007113864863908758,0.09614022847636967,0.09258761708141273
177,0.25,0.25,0,FALSE,0,167,1e4,177,0.375,0.125,NA,40,0.0036981104753485605,1.0787789571594915,0.2522,0.6153801613996881,0.04469333338201729,0.3023947700406888,0.8474720779914758,0.08137174213861773,2522,0.10673354985614399,0.07166578651239017,0.2601236845834091,0.10673354985614412,1.0591368473665856,-0.06992953732960432,1.7435744878340946,0.7968564010207199,0.0246436009029866,0.09473801258218217,0.3642037161433651,0.10303543938079557,0.09920199227976259
177,0.25,0.25,0,FALSE,0,167,1e4,177,0.375,0.125,NA,41,0.005106175841424586,1.0681124593315383,0.2455,0.5970849715016081,0.032754713853070605,0.26183305760451603,0.8714399687161826,0.11465905709782068,2455,0.11277898221255894,0.06161520719016877,0.2429979662124524,0.11277898221255878,1.0434764107705023,0.007589227524499981,1.142655809572963,0.8205814180312446,-0.0018404915596609095,-0.0075741027315914785,-0.031169407915823722,0.10767280637113419,0.10418316386269852
177,0.25,0.25,0,FALSE,0,167,1e4,177,0.375,0.125,NA,42,0.008798247995057977,1.0842210902381455,0.2502,0.6023084439890073,0.03701197886999088,0.2761347930903276,0.8618221495376,0.11516977730426357,2502,0.11805302495904886,0.06183728465469541,0.23738083689130335,0.11805302495904917,1.0973851974202518,-0.011677295057926874,1.3354376552524012,0.8153339562991757,0.0027523420075301667,0.011594625933476103,0.04884398456639227,0.10925477696399119,0.1049256115958003
177,0.25,0.25,0,FALSE,0,167,1e4,177,0.375,0.125,NA,43,-0.011214185572926966,1.0714009512797968,0.2479,0.5970774369080009,0.03139460568819873,0.25519341130128786,0.8734751066768214,0.060363168408945275,2479,0.0712097855787715,0.08087671663764451,0.27504846433259433,0.07120978557877151,1.069067341848018,-0.03774243754136486,1.081310805392788,0.7554817406808011,0.010490393537232598,0.03814016399868859,0.1386670676065608,0.08242397115169849,0.07963014765008068
177,0.25,0.25,0,FALSE,0,167,1e4,177,0.375,0.125,NA,44,0.0014742456444835229,1.064830919432593,0.2457,0.6094073263634446,0.04042515398278805,0.29161170887177745,0.8567020062604083,0.08490617598365889,2457,0.09876171204921505,0.07440367914050765,0.26665573751305977,0.09876171204921512,1.0463875071292397,-0.04920020270456744,1.5440004886377445,0.7607670074863075,0.013544939207248006,0.05079560385076893,0.19049132159881296,0.0972874664047316,0.09427934722331897
177,0.25,0.25,0,FALSE,0,167,1e4,177,0.375,0.125,NA,45,8.030483698996203e-4,1.0736218914322102,0.2491,0.6007127590341342,0.035045481722919075,0.26909225957300004,0.8659382362807313,0.1068590641873117,2491,0.11012361604798712,0.06520703531124371,0.25088260698834625,0.11012361604798715,1.0359847137622316,-0.024082151647868418,1.3115008055636,0.74376694151726,0.0032073540169366933,0.01278428208092432,0.05095722750329266,0.10932056767808752,0.1055057670079349
177,0.25,0.25,0,FALSE,0,167,1e4,177,0.375,0.125,NA,46,-0.006292059389987077,1.0192141174596923,0.2534,0.614810080362204,0.047501319580281615,0.31119721853530025,0.8422852496463089,0.08587304399282436,2534,0.08921639096013312,0.056207744188837276,0.23590772153119208,0.08921639096013317,1.009977837095882,-0.015315601650164585,1.6539335270369089,0.7065029690034046,0.0033267910731173338,0.014102086407025299,0.05977797723403768,0.09550845035012025,0.09460390935298682
177,0.25,0.25,0,FALSE,0,167,1e4,177,0.375,0.125,NA,47,-0.005860287700410985,1.0495307424239222,0.2442,0.5913216796386948,0.02871966474675176,0.245769917789768,0.8799659721514773,0.07072910505607559,2442,0.07441559295183932,0.06503750952226703,0.24552102129312117,0.07441559295183932,1.078913279615068,-0.024236605114180316,1.0774129097370453,0.760140053859945,0.0035491106786919363,0.01445542487563517,0.05887652633367477,0.0802758806522503,0.07835874947313295
177,0.25,0.25,0,FALSE,0,167,1e4,177,0.375,0.125,NA,48,0.02432659268973046,1.0840001203220002,0.2477,0.5950984334355399,0.031600223295749436,0.2561780451677089,0.873089396423917,0.10319966913497883,2477,0.10041543196992156,0.05510755054747709,0.22400421851644514,0.10041543196992157,1.098243681486903,0.013532369265686676,1.0977994996114453,0.7850373800782973,-0.0026567878081344325,-0.011860436494143015,-0.052947380065845893,0.07608883928019111,0.07308130500048254
177,0.25,0.25,0,FALSE,0,167,1e4,177,0.375,0.125,NA,49,0.004758592691467106,1.0578187146030955,0.2451,0.6044385710353448,0.036222312349436174,0.27583744072604643,0.8647844865560919,0.09631016762638732,2451,0.1002621205935274,0.06404506105214806,0.2470143425380188,0.10026212059352735,1.049642247807836,-0.0020066101259266036,1.4749477863441773,0.7365944464837493,0.0038573683791875064,0.015615969257306612,0.06321887667273048,0.09550352790206024,0.09285681679947916
177,0.25,0.25,0,FALSE,0,167,1e4,177,0.375,0.125,NA,50,0.004867320029564023,1.0825568127482101,0.2416,0.6088529769015285,0.04081158342172944,0.29536112933725817,0.8572815023042363,0.11230277564382915,2416,0.112625592365614,0.07432098350623971,0.2622106628409729,0.11262559236561383,1.0809628072037452,-0.0014304562453925816,1.78495659996664,0.733984253056668,3.104921661570962e-4,0.0011841324940527129,0.0045159585854480395,0.1077582723360498,0.10356792402682949
177,0.25,0.25,0,FALSE,0,167,1e4,177,0.375,0.125,NA,51,0.014187140783972606,1.0545765878471185,0.2596,0.6072946348078205,0.040362615944535545,0.28281733353155464,0.8531612404304167,0.10181236394624858,2596,0.10261323067437199,0.06623610100709541,0.25139419568048804,0.10261323067437213,1.0480554658317227,-0.01268412893622811,1.2098840574099377,0.6780324829613499,7.822906106654817e-4,0.003111808562436906,0.012378203697240051,0.08842608989039952,0.08610757500263624
177,0.25,0.25,0,FALSE,0,167,1e4,177,0.375,0.125,NA,52,-0.009112861482372366,1.0471122402956925,0.252,0.599555985272897,0.03338258737850757,0.2608433192491518,0.8685349670984275,0.09282808577011802,2520,0.10527469280218098,0.05567245274894145,0.22774930872819152,0.10527469280218134,1.0733125819346363,-0.05194748629961407,1.1413988402055817,0.7654849238628552,0.01201400664668972,0.05275101256631208,0.2316187603856485,0.1143875542845537,0.1117846461193985
177,0.25,0.25,0,FALSE,0,167,1e4,177,0.375,0.125,NA,53,-0.006657213934915144,1.062535934269361,0.2485,0.6091440994603683,0.040446882765562485,0.28953260829004435,0.8561022936798476,0.0853586814452709,2485,0.07695352080823216,0.06708849043074303,0.2588439655320057,0.076953520808232,1.0013177862214702,0.030027561155275773,1.5091453893553008,0.7915760563031962,-0.008399628002122832,-0.03245054596833639,-0.1253672107118291,0.08361073474314715,0.08111295561439825
177,0.25,0.25,0,FALSE,0,167,1e4,177,0.375,0.125,NA,54,-0.018138853190301365,1.0614155648270995,0.2528,0.6115696384646139,0.04232709577067693,0.2935339326630093,0.8515892436455821,0.09779258700560389,2528,0.10527166391292059,0.0704357010742717,0.26127129574844804,0.10527166391292049,1.0318330715178277,-0.02272826294647587,1.4659900670722483,0.7371285473979873,0.0073628046407477185,0.02818068712698017,0.10785986668092515,0.12341051710322186,0.11978693317204224
177,0.25,0.25,0,FALSE,0,167,1e4,177,0.375,0.125,NA,55,8.964054356762783e-4,1.0641828320815316,0.2597,0.6077650096686235,0.04233063590995301,0.28905450704209884,0.8498650890423335,0.12522978869640353,2597,0.13881772824709948,0.052248890904852484,0.22454134228329542,0.13881772824709954,1.0362974919670467,-0.04572312746680076,1.442471649266738,0.6985954970087601,0.013347852000330116,0.05944496396342741,0.26473950569168647,0.13792132281142325,0.13369750096997524
177,0.25,0.25,0,FALSE,0,167,1e4,177,0.375,0.125,NA,56,0.007814002095443282,1.0688368681005138,0.2521,0.6011133699812338,0.03650139954238116,0.2728610138807209,0.8624234768013405,0.11903983831130675,2521,0.12637576230899067,0.0658866669001593,0.24679229536974875,0.12637576230899067,1.0817685303424576,-0.02827291157168694,1.2962426490670316,0.7405584076647753,0.007053223594348672,0.028579593960911146,0.11580423901845346,0.11856176021354739,0.1146803277556762
177,0.25,0.25,0,FALSE,0,167,1e4,177,0.375,0.125,NA,57,-0.008920841935465605,1.0916318750257783,0.2549,0.6032988692068948,0.03850753526009159,0.27866083916782286,0.8579387041922438,0.0738843732741755,2549,0.07411083571340663,0.06929122487629422,0.2556913389399263,0.07411083571340658,1.0598543918095218,-0.00761455778421159,1.2754183591470252,0.7597208160809,2.199748746572466e-4,8.603141411408107e-4,0.0033646589075234114,0.08303167764887219,0.07947045668350967
177,0.25,0.25,0,FALSE,0,167,1e4,177,0.375,0.125,NA,58,-0.004469198560550612,1.0594070870490186,0.2454,0.6011117954945608,0.035839982433997976,0.27405899519387156,0.8654918451588477,0.07523501012171792,2454,0.08204732016279018,0.07595792958010576,0.2709560788823431,0.0820473201627899,1.034606781675023,-0.013315947166051625,1.3256167208425615,0.716927043262581,0.006697407820019211,0.024717688001852943,0.0912239655364443,0.08651651872334051,0.08405578316314212
177,0.25,0.25,0,FALSE,0,167,1e4,177,0.375,0.125,NA,59,-0.00510940091611502,1.0563596590613773,0.2552,0.6089862019300378,0.0411532815282689,0.28777057812908263,0.853121896922916,0.083683171051257,2552,0.07983269837579549,0.04769292623273533,0.2096711056480936,0.07983269837579564,1.0848677498566064,0.007584658968629117,1.4326961616280414,0.8251311990520418,-0.0036967973679600955,-0.01763141066354036,-0.08409079834363277,0.08494209929191066,0.08264509557429642
177,0.25,0.25,0,FALSE,0,167,1e4,177,0.375,0.125,NA,60,9.36969068659556e-4,1.0629276421068787,0.2518,0.5914496353334314,0.029989381708992558,0.24712543318760022,0.8755476318467246,0.10987825071535405,2518,0.1193408630212657,0.07802687189365896,0.2655316361673921,0.11934086302126536,1.106653478037249,-0.03478277017929827,0.9552769918721707,0.8150501270710369,0.008995083936680609,0.033875752307759195,0.1275770857164598,0.1184038939526058,0.11484554013062706
177,0.25,0.25,0,FALSE,0,167,1e4,177,0.375,0.125,NA,61,0.007314702096325562,1.0668886748723017,0.2582,0.606051257236621,0.04008171969526552,0.2822245117319709,0.8542592621416101,0.09650751995054324,2582,0.09635277348033612,0.06638818683626677,0.2512703040321253,0.09635277348033582,1.0514980631715727,-0.004135366153487984,1.3206985130431694,0.7854387324424256,-1.5090947663463886e-4,-6.005861982613946e-4,-0.0023901996719222682,0.08903807138401025,0.08620177167546958
177,0.25,0.25,0,FALSE,0,167,1e4,177,0.375,0.125,NA,62,0.00406916835875613,1.0592865514418779,0.2511,0.6122726713636392,0.043488933845757576,0.2987114021952001,0.84998713381757,0.0664025266196597,2511,0.0729633782464799,0.05485771922098468,0.22518597837012833,0.07296337824647992,1.0818201281609168,-0.020480723116428436,1.7045315436370783,0.8346369786386356,0.006307869320800267,0.028011821013261752,0.12439416173248563,0.06889420988772378,0.06693850282493063
177,0.25,0.25,0,FALSE,0,167,1e4,177,0.375,0.125,NA,63,0.0012209990057576452,1.0604698930599992,0.2527,0.6024452307425582,0.03869737910473972,0.2806935479784405,0.858137480851696,0.1076042165581445,2527,0.10447502445709843,0.07051464942558508,0.25588939606112493,0.10447502445709851,1.0768985011325893,9.363939596366154e-4,1.3457315995385417,0.6704935123460359,-0.0030153993650535054,-0.011783995005143587,-0.04605112672323755,0.10325402545134087,0.10026695367811886
177,0.25,0.25,0,FALSE,0,167,1e4,177,0.375,0.125,NA,64,0.0014439065926298675,1.053901439571058,0.2517,0.6103924026230081,0.04112949800614216,0.28999326086897187,0.8540173924785592,0.07645794684870859,2517,0.08303609904342821,0.06734103829061679,0.25014077423249886,0.08303609904342812,1.0762442117731952,-0.0362809541155079,1.5257383858317586,0.6812386130867063,0.0063408649407345734,0.025349185714284694,0.10133967879512253,0.08159219245079825,0.0794783064190241
177,0.25,0.25,0,FALSE,0,167,1e4,177,0.375,0.125,NA,65,-0.007134604221997473,1.066505682323382,0.2483,0.5986610240040684,0.033756879928705616,0.2643316800384123,0.8687328876929243,0.1142765273032646,2483,0.10737069813152718,0.08077292217122163,0.2745968101918226,0.10737069813152712,1.0712104947798704,0.02190305944861429,1.1670863692984508,0.6638522589100585,-0.0066723438911717985,-0.024298694098124303,-0.08848862476279382,0.1145053023535246,0.11087764956650265
177,0.25,0.25,0,FALSE,0,167,1e4,177,0.375,0.125,NA,66,-0.005340520236834663,1.0572231241732135,0.2463,0.6076272739961271,0.038791741647899794,0.28463514231606984,0.8597887288951037,0.07219888504853539,2463,0.06534382257758953,0.04201476017167538,0.20231620221021177,0.06534382257758936,1.0264565273568114,0.018900814347754123,1.524753581112633,0.751228040290275,-0.006766142444052031,-0.03344340379136731,-0.16530264717315496,0.07068434281442403,0.06874480710115213
177,0.25,0.25,0,FALSE,0,167,1e4,177,0.375,0.125,NA,67,-0.020707616144706408,1.072059015505306,0.2445,0.6229112479851234,0.05189766759936643,0.3315821952780797,0.8378563065090137,0.061728521501293425,2445,0.0666056858539211,0.06800994017892618,0.2522399772143371,0.06660568585392111,1.0689184071211681,-0.017973835617011803,1.9398994482006864,0.8160885584685813,0.00471731755916239,0.01870170466735303,0.07414250855034585,0.08731330199862752,0.08432785739711623
177,0.25,0.25,0,FALSE,0,167,1e4,177,0.375,0.125,NA,68,-0.017069582186213975,1.04553308549506,0.2508,0.6070148935046932,0.039194451737002776,0.28370476635029623,0.8576936891986913,0.06949791187363956,2508,0.07500856217254358,0.09303939328485951,0.29270022533069906,0.07500856217254341,1.085977321929224,-0.0012603274626450552,1.4499210910041078,0.8227375670696333,0.005288012509757014,0.018066308298131658,0.061722905329915444,0.09207814435875739,0.09005081924228117
177,0.25,0.25,0,FALSE,0,167,1e4,177,0.375,0.125,NA,69,0.0036837069636715776,1.0678007564368779,0.2565,0.6015673196291184,0.03741936380428575,0.2736509251595549,0.8596170753931482,0.12856090286466873,2565,0.13040673612313017,0.056740152251196316,0.23118656389251416,0.13040673612313008,1.061610771813861,-0.007491227233034549,1.2287113638578318,0.6721814528841581,0.0017914711087108474,0.007749027791873572,0.03351850410941847,0.12672302915945852,0.12263386997114169
177,0.25,0.25,0,FALSE,0,167,1e4,177,0.375,0.125,NA,70,3.3582022221837675e-4,1.0748768920798275,0.2544,0.592818671425824,0.03159229139189991,0.2524118094313021,0.8715728713613535,0.11416098831538173,2544,0.11472977658900717,0.07404046199924183,0.26146987844356717,0.1147297765890072,1.0829933503582483,7.134518710359166e-4,1.0236452873779445,0.8187008256035085,5.465598672610254e-4,0.00209033587545339,0.007994557108820265,0.11439395636678881,0.1103376467742458
177,0.25,0.25,0,FALSE,0,167,1e4,177,0.375,0.125,NA,71,-0.0016550996763803332,1.0574711260663439,0.2482,0.599157053959565,0.034025624544586304,0.2654154906349273,0.868247750448822,0.09335602930146686,2482,0.08798560256703972,0.07646739802942137,0.26766292085795973,0.08798560256703976,1.067332876267865,0.012120919910286396,1.3180051384718068,0.6868855313226484,-0.005198270233789014,-0.019420957587724944,-0.07255751945571509,0.08964070224342009,0.08717079186587566
177,0.25,0.25,0,FALSE,0,167,1e4,177,0.375,0.125,NA,72,0.007730439632978093,1.0616713636498976,0.2525,0.6016241332494453,0.0349412406172642,0.2663375843207582,0.8654995199180171,0.11630803948471546,2525,0.11257121730556444,0.0733358425878868,0.26059098174163203,0.11257121730556435,1.079934764967577,0.019722001206896045,1.3224724054921204,0.6912664277294466,-0.0035958674202953276,-0.013798894329583975,-0.052952309544100636,0.10484077767258626,0.1017501790354505
177,0.25,0.25,0,FALSE,0,167,1e4,177,0.375,0.125,NA,73,0.012225820036703122,1.0506176307360515,0.2531,0.6040958760188762,0.03752968698097496,0.276403944028283,0.860084323532883,0.09117942031473542,2531,0.09698304049481524,0.0603489511287733,0.23506718955439487,0.09698304049481525,1.092158566301786,-0.027573887301446307,1.2871128639966594,0.6863677666210714,0.00555336391418041,0.023624581230190584,0.10050139823841227,0.08475722045811213,0.0826902611809918
177,0.25,0.25,0,FALSE,0,167,1e4,177,0.375,0.125,NA,74,-0.005519650195552376,1.076065606319992,0.2545,0.603925530919637,0.03724061685583796,0.27405228783739005,0.8605073854907683,0.0790967218995314,2545,0.09682009526659283,0.06282777585450551,0.24488622341727015,0.09682009526659258,1.047666309699337,-0.05550314405085594,1.264103228092815,0.6892589252566149,0.017315494447194296,0.07070832407623773,0.28873949334322235,0.10233974546214496,0.09865633033467422
177,0.25,0.25,0,FALSE,0,167,1e4,177,0.375,0.125,NA,75,0.00979074960823732,1.0825867480904114,0.2485,0.6041104109688068,0.036172753050360135,0.2736311136489956,0.8640053365164491,0.09128627083145127,2485,0.104498156848395,0.06515610431230612,0.2500903256974186,0.10449815684839499,1.0417447624302596,-0.04763453190592937,1.2988318933510559,0.7285785424558431,0.012944466485786765,0.051759165212364615,0.20696188494307224,0.09470740724015766,0.09102330365395965
177,0.25,0.25,0,FALSE,0,167,1e4,177,0.375,0.125,NA,76,0.002163915747240881,1.0784692666001365,0.2482,0.600869543501184,0.035687174494523535,0.27220229888114056,0.8648787788354018,0.1196773384555939,2482,0.11747875414191718,0.062196967116437026,0.24127281352511445,0.11747875414191698,1.068445638677677,0.014675674314938065,1.281607029093558,0.7974808155449286,-0.0021269971586244624,-0.008815734883462368,-0.03653845103665077,0.1153148383946761,0.11104047425581623
177,0.25,0.25,0,FALSE,0,167,1e4,177,0.375,0.125,NA,77,-0.01572880134596457,1.0873647218738212,0.2496,0.5997420232713493,0.03545313953559568,0.27008992767478446,0.8651711081047475,0.06335466249995084,2496,0.07171649504723522,0.05516561895293975,0.22635352320784172,0.07171649504723518,1.0766981773429696,-0.03162777227231547,1.3012105064575807,0.7788595075749625,0.008058504954405655,0.035601411633457085,0.1572823392758382,0.08744529639319976,0.08385883693294648
177,0.25,0.25,0,FALSE,0,167,1e4,177,0.375,0.125,NA,78,0.006037328910775292,1.0775314389149901,0.2526,0.6189512135074328,0.050183217731756616,0.3202169236228801,0.8382264101857186,0.08521788405886666,2526,0.09947035861558524,0.05696249438519143,0.23163232236053807,0.09947035861558519,1.0616727632404892,-0.04925450577245707,1.8845501405973435,0.6998918463559526,0.01383231710172503,0.059716696533374504,0.2578081328409118,0.09343302970480989,0.09000890048404248
177,0.25,0.25,0,FALSE,0,167,1e4,177,0.375,0.125,NA,79,0.02170649002406757,1.091725660082628,0.2506,0.6000037327015111,0.035185560696367114,0.2684622975496299,0.8654466964681254,0.11795644561408013,2506,0.12426741807449465,0.08721847362210088,0.28416429359903717,0.12426741807449489,1.0801136876694633,-0.0321265239955152,1.308787907268521,0.707272795135095,0.006072416479266895,0.02136938600679797,0.07520081336098722,0.10256092805042732,0.09815788292932034
177,0.25,0.25,0,FALSE,0,167,1e4,177,0.375,0.125,NA,80,0.0017888795105140624,1.0706959778382286,0.2483,0.5977869949339156,0.033234042782535146,0.26218367250785435,0.8697995882325995,0.09466563748947464,2483,0.10552359403619746,0.06979461492199299,0.2558746501273954,0.10552359403619753,1.0660250051033453,-0.03444862231078628,1.2245890161535422,0.7926979762496582,0.010516334786829408,0.041099557074503135,0.16062379393206946,0.10373471452568346,0.1002515348789119
177,0.25,0.25,0,FALSE,0,167,1e4,177,0.375,0.125,NA,81,-0.002445248273760324,1.0615258718976839,0.2464,0.6225126158508424,0.048747874884945475,0.3198372720878878,0.8423841923150863,0.09854015506216435,2464,0.09771124233593297,0.060450642463224416,0.2405447421184734,0.09771124233593313,1.0447423120638482,6.557252297475918e-5,1.8442620963079948,0.7351786345264831,-8.109689293035355e-4,-0.003371384974626118,-0.014015625305023873,0.10015649060969345,0.09721064106804725
177,0.25,0.25,0,FALSE,0,167,1e4,177,0.375,0.125,NA,82,-0.012051909917787209,1.056808294943307,0.2511,0.6013883684122615,0.03639668361087147,0.2731301295142109,0.8628340489579632,0.08558455249351259,2511,0.10167000881934535,0.06091400029132949,0.2454539255866117,0.1016700088193453,1.011060529850421,-0.062397200636208745,1.3172361536493562,0.7474603928428959,0.015997230686779232,0.06517406738778922,0.2655246487992781,0.11372191873713251,0.11062316299050588
177,0.25,0.25,0,FALSE,0,167,1e4,177,0.375,0.125,NA,83,-0.004746910783605672,1.073823530895298,0.2497,0.6146588754699696,0.045262806029124525,0.30604051842839913,0.8471633650968566,0.0919258680862283,2497,0.08932251783121295,0.0625719527542181,0.2436414185683865,0.08932251783121282,1.0540894576259576,-0.008613552818329085,1.687975154757391,0.8350793411483521,-0.002535676625158176,-0.010407412007603499,-0.04271610331591586,0.0940694286148185,0.09077830049430578
177,0.25,0.25,0,FALSE,0,167,1e4,177,0.375,0.125,NA,84,-0.0027008058598844684,1.0907771929153391,0.2457,0.597930244025962,0.03287643470820139,0.26238690639383816,0.8710630741980678,0.07281450232569389,2457,0.08675477927745145,0.08059360417439926,0.26825869928353013,0.08675477927745144,1.119935339642287,-0.04641803796423793,1.2158518251504382,0.7671376298431899,0.0131727038309859,0.049104479616757186,0.1830489737999411,0.08945558513733591,0.0856523802717246
177,0.25,0.25,0,FALSE,0,167,1e4,177,0.375,0.125,NA,85,-0.002365801981109965,1.0735013466799856,0.2435,0.6032526047356856,0.03598879582960893,0.2761550893796921,0.8655124714720899,0.12740629497185,2435,0.12058096066875888,0.07231150887510646,0.25676730482829435,0.12058096066875867,1.0968013559903054,0.021974025841235322,1.356000285074827,0.7241042671097111,-0.0065171833379689265,-0.02538167132426421,-0.09885086943307468,0.12294676264986865,0.1186631303461773
177,0.25,0.25,0,FALSE,0,167,1e4,177,0.375,0.125,NA,86,0.005153864907553809,1.0668915233008605,0.2533,0.6025684746005202,0.03703197154869814,0.27390039795124854,0.8612420583978974,0.0943857259235931,2533,0.10165451476154846,0.053657026747285376,0.2221812099717798,0.10165451476154849,1.0869559612010675,-0.032282594045799015,1.3019133702537755,0.7385870260721815,0.006971979126781679,0.03137969735454776,0.14123470368413887,0.09650064985399469,0.09342650566633016
177,0.25,0.25,0,FALSE,0,167,1e4,177,0.375,0.125,NA,87,-0.004474466365470619,1.0664657236290291,0.2515,0.5972625702033624,0.03232175909936495,0.2570750009242445,0.870691274535105,0.09540871811516972,2515,0.10093193504652707,0.05385637428666042,0.22793438286528325,0.10093193504652684,1.0366148585170987,-0.03235566156513586,1.1417671262990772,0.6482001176119532,0.005424795688852882,0.023799813001705476,0.10441519485795152,0.10540640141199746,0.10206892384697308
177,0.25,0.25,0,FALSE,0,167,1e4,177,0.375,0.125,NA,88,-0.0026400611060402477,1.0786727473107827,0.2571,0.6107308136106471,0.0431179101884245,0.2934302306295104,0.8491181754103053,0.07284634539927548,2571,0.07923858637351533,0.05986368206507844,0.23525461573019274,0.07923858637351532,1.0816509087307566,-0.014099140410224184,1.4810955870877651,0.7153040368164357,0.006146240908273444,0.026125909960136143,0.11105376138549075,0.08187864747955556,0.07883622256637315
177,0.25,0.25,0,FALSE,0,167,1e4,177,0.375,0.125,NA,89,0.013492070798330086,1.0635826224352478,0.2485,0.5993084789508842,0.03367466940132209,0.26384506249518264,0.8688690039398942,0.10681928332141061,2485,0.11094193744219183,0.05799764527840584,0.23382790529279374,0.11094193744219161,1.0607613398199338,-0.021086493948571153,1.2372326965449036,0.7848285224036724,0.004002838411368294,0.017118736988880924,0.07321083840461749,0.09744986664386152,0.09449212867527162
177,0.25,0.25,0,FALSE,0,167,1e4,177,0.375,0.125,NA,90,-0.0016173887716507097,1.035175727680829,0.2534,0.6059814225435761,0.037301347397354474,0.2748354864464657,0.860713375468931,0.0795668896782935,2534,0.07916683985865243,0.0674317688409308,0.253748499745626,0.07916683985865242,1.0472674020697301,-0.0018628815161367627,1.2858306282484107,0.6809010512387996,-3.909176561174943e-4,-0.0015405712999658147,-0.006071252840943625,0.08078422863030313,0.07939982446669851
177,0.25,0.25,0,FALSE,0,167,1e4,177,0.375,0.125,NA,91,-0.021186079498398194,1.057669884923462,0.2492,0.6060173856286841,0.03943420606290721,0.2853114135866508,0.8578007914684129,0.1134015153229929,2492,0.10687001921316115,0.07746465648883058,0.2689100903720713,0.1068700192131611,1.0712464656213543,0.009968350518789918,1.4546622879177835,0.7958596324233992,-0.00631056103429094,-0.02346717828832483,-0.08726774906756012,0.1280560987115593,0.12451601046287418
177,0.25,0.25,0,FALSE,0,167,1e4,177,0.375,0.125,NA,92,0.0030575030819827167,1.0801220201224488,0.2557,0.6174426094582679,0.04698634061791911,0.30775857854288763,0.8426122629331664,0.11097582486719014,2557,0.10620404912415293,0.07098508778591811,0.25992854885845446,0.10620404912415286,1.0506526478432958,0.016942412770643473,1.6066928717700513,0.710805301947187,-0.004655329715286898,-0.017910036183912924,-0.06890369012011041,0.10314654604217015,0.09924720381037623
177,0.25,0.25,0,FALSE,0,167,1e4,177,0.375,0.125,NA,93,-0.005045052319026102,1.063083145892137,0.2465,0.6000518203757718,0.03541345738355989,0.2715136931742898,0.866143749265075,0.08014929112865733,2465,0.0923193882834735,0.06791844373684336,0.25425177960029594,0.09231938828347377,1.0506540120773955,-0.03361751043356537,1.2733948392674368,0.7784942629230356,0.01187310158544151,0.04669820444956953,0.18366913507147453,0.09736444060249988,0.09443147135096185
177,0.25,0.25,0,FALSE,0,167,1e4,177,0.375,0.125,NA,94,0.004843706856957285,1.0577440389424406,0.252,0.606536876114082,0.03931558072280803,0.28330425997090947,0.8572146529746614,0.1145128993454492,2520,0.12525932951603816,0.0542573597565813,0.23309687001984464,0.12525932951603805,0.9985866889365582,-0.032486145600667246,1.3924483374745558,0.7694347334205037,0.010754032253946388,0.046135463994136205,0.19792399610603298,0.12041562265908076,0.11708264971871822
177,0.25,0.25,0,FALSE,0,167,1e4,177,0.375,0.125,NA,95,0.0011553976609647546,1.073958568387786,0.2443,0.6020697332555293,0.03593209815571416,0.27508741821164245,0.8655922874617914,0.09498799029956645,2443,0.09303385712030464,0.05993895890907894,0.23620651568881287,0.09303385712030468,1.0742996856951779,0.012657521438849777,1.4489699512166696,0.7330101870892014,-0.001885347608297704,-0.007981776467087512,-0.03379151690126532,0.09187845945933992,0.0886584105421661
177,0.25,0.25,0,FALSE,0,167,1e4,177,0.375,0.125,NA,96,0.014169284381339953,1.0712176006131198,0.2536,0.6108617367570437,0.044615971426100715,0.30069491136464194,0.8474875409558527,0.10956251428229294,2536,0.09367324908478138,0.0743423648470986,0.261568788453951,0.0936732490847813,1.086587063991101,0.0619413842392631,1.5779763150553203,0.7397624916889257,-0.01524303856647443,-0.058275448904172134,-0.22279205882559452,0.07950396470344134,0.07681569013331227
177,0.25,0.25,0,FALSE,0,167,1e4,177,0.375,0.125,NA,97,0.0010748632040141384,1.0683223205808834,0.2524,0.5961060337612849,0.03239209587363727,0.2564989552317372,0.870519327399019,0.10221179773981297,2524,0.10675294536517771,0.0559217218787448,0.23047347747023683,0.10675294536517786,1.0527824241196952,-0.015120919938629879,1.0945369852920344,0.7504715449325249,0.004425846092424603,0.019203277275130947,0.08332098550303188,0.10567808216116373,0.10224304425812578
177,0.25,0.25,0,FALSE,0,167,1e4,177,0.375,0.125,NA,98,0.0025670336818495398,1.0644849352582157,0.2464,0.5993573918782915,0.03502787295055968,0.270704333094868,0.8665969046508489,0.1107119870462999,2464,0.12104613988992712,0.08576365300605836,0.28363114055345795,0.12104613988992698,1.0660938751334543,-0.03800402062200429,1.24199035236304,0.7792704504484134,0.01000868811903062,0.035287691258090934,0.1244140230485024,0.11847910620807743,0.11483440102068289
177,0.25,0.25,0,FALSE,0,167,1e4,177,0.375,0.125,NA,99,0.013437920368695039,1.0477853293616732,0.2522,0.5962405928126682,0.03345863869198236,0.26090114436458145,0.8684014627825051,0.07074650639023376,2522,0.08725322455343164,0.08137528295129322,0.28117917683975274,0.08725322455343146,1.02926262147295,-0.07325599789806699,1.0710574351892677,0.7219242671677034,0.016270377729099054,0.057864803190499886,0.20579334444626282,0.07381530418473642,0.072112451038567
177,0.25,0.25,0,FALSE,0,167,1e4,177,0.375,0.125,NA,100,0.004249460600831816,1.0501726217056468,0.2503,0.6069922708729251,0.03906839059739789,0.28347111364542865,0.8580943605090983,0.12530611346503584,2503,0.13144520378030794,0.08290509605592723,0.2771729812796396,0.13144520378030802,1.0791440997314672,-0.006078184681689901,1.2963307502396768,0.7624045013012616,0.005909684587558145,0.021321286657431694,0.0769241163370129,0.1271957431794762,0.12412013269117832
177,0.25,0.25,0,FALSE,0,167,1e4,177,0.375,0.125,NA,101,6.936765416028866e-4,1.0686825077089093,0.251,0.6106398438289565,0.04192648658954506,0.29327198466336235,0.8527774636989917,0.07866088328353453,2510,0.07765922994880517,0.06750450796501434,0.2502499467481165,0.07765922994880524,1.0779156778363645,-0.0018083032678410612,1.5476890161466008,0.7692507770582575,-9.647727913228567e-4,-0.0038552367497361635,-0.015405544735706041,0.07696555340720235,0.07445125895899303
177,0.25,0.25,0,FALSE,0,167,1e4,177,0.375,0.125,NA,102,0.017290171899940684,1.0583266294964073,0.2512,0.612373959694322,0.042384008175007336,0.2948141366052719,0.8518853777695109,0.09718121236541599,2512,0.1103945185914511,0.06990571308020126,0.2564193558554427,0.11039451859145104,1.063190433954899,-0.0466154127206428,1.525903028009831,0.7954919944745256,0.012814627011791986,0.04997527183172661,0.19489664368356166,0.09310434669151035,0.09050239975170565
177,0.25,0.25,0,FALSE,0,167,1e4,177,0.375,0.125,NA,103,-5.00088838358674e-5,1.0512416930463624,0.2531,0.6066172155061678,0.037712879948749334,0.27664823852319503,0.8599606616595585,0.07057581373579926,2531,0.08380896709167625,0.07295138995985677,0.2589323249193438,0.08380896709167629,1.0880805055287248,-0.03503550709287365,1.3380750987230787,0.5355783709723618,0.012686237300637065,0.0489944131331952,0.18921705950949433,0.08385897597551216,0.08178963428937508
177,0.25,0.25,0,FALSE,0,167,1e4,177,0.375,0.125,NA,104,-0.004875270326371211,1.0822845669253847,0.2423,0.6054665837939186,0.037495341892933964,0.2829238668061244,0.8628950941457519,0.10611903517750304,2423,0.10042610746350304,0.0690657091109644,0.2564358750825112,0.10042610746350294,1.0502795523057855,0.016995186263230988,1.508537841082593,0.7635469940765162,-0.005554989139633524,-0.021662293303720246,-0.08447450379846483,0.10530137778987415,0.10121929797515329
177,0.25,0.25,0,FALSE,0,167,1e4,177,0.375,0.125,NA,105,0.012561328022646126,1.0381249199193687,0.2472,0.5991696802272595,0.03427760340866107,0.26698782760360473,0.8680012180327777,0.08760878252985682,2472,0.0800838881946912,0.05891262185790591,0.24002229256313487,0.08008388819469127,1.0225985955679728,0.03065108727323406,1.2036622396366228,0.7089568344247659,-0.00744128280168042,-0.03100246532193706,-0.12916494126803763,0.06752256017204514,0.06627108674319555
177,0.25,0.25,0,FALSE,0,167,1e4,177,0.375,0.125,NA,106,0.002841325119565857,1.073209530672336,0.2499,0.6091110487655934,0.04283783797978238,0.29699189403854087,0.8515634513595366,0.11116431647720804,2499,0.12221298164761876,0.07813230594908772,0.26834506755383286,0.12221298164761889,1.085034152219934,-0.03641036436717342,1.523939760893026,0.8234194305581036,0.010606891061228665,0.03952705804477218,0.14729936497469862,0.11937165652805302,0.11522824842167617
177,0.25,0.25,0,FALSE,0,167,1e4,177,0.375,0.125,NA,107,0.013468360984194164,1.0820651871844098,0.2458,0.6043124059915949,0.037752305786706006,0.2815088589248139,0.8616102449525613,0.11089752427372812,2458,0.12345486732950693,0.06594827840030541,0.24864616376162918,0.12345486732950697,1.0666942067510945,-0.038379737138890126,1.4371109123455184,0.7712112630218405,0.012158438174605282,0.04889855524278778,0.19665919836859252,0.1099865063453128,0.10573352099056764
177,0.25,0.25,0,FALSE,0,167,1e4,177,0.375,0.125,NA,108,-0.011899576205593634,1.071248725412199,0.2512,0.6065326071608417,0.03936524316714843,0.28411808688464135,0.8572590731491561,0.07524905758201303,2512,0.08234898337975283,0.08368549471360986,0.2779123036875359,0.08234898337975269,1.083514280002349,-0.020989087359783627,1.3959389192160556,0.7689614797853516,0.006820818451865011,0.024543060387617225,0.08831224836742613,0.09424855958534632,0.0910604018334433
177,0.25,0.25,0,FALSE,0,167,1e4,177,0.375,0.125,NA,109,0.004302764515065374,1.0657833318009224,0.2466,0.6027266012890792,0.03645130759606551,0.2757045666779968,0.8640225077144118,0.0836420852976234,2466,0.08372210060902009,0.0690108097599038,0.257501718557746,0.08372210060902019,1.0407750191175755,0.004057202394726461,1.4068077912105459,0.818710928277043,7.843224928221539e-5,3.0458922651666336e-4,0.0011828628881494542,0.07941933609395481,0.07692930170636453
177,0.25,0.25,0,FALSE,0,167,1e4,177,0.375,0.125,NA,110,-0.006622638524794504,1.0600335944447747,0.2521,0.5993577998827764,0.03517612790442617,0.2676731175182038,0.8650392141473215,0.08525546566248934,2521,0.0833642733634627,0.07588591797869014,0.2704917157695125,0.08336427336346236,1.0371779008402462,0.0026302462931049415,1.202874082355135,0.7284222838324522,-0.0018569878550690996,-0.0068652300488620125,-0.025380555664454855,0.08998691188825686,0.0874016303208663
177,0.25,0.25,0,FALSE,0,167,1e4,177,0.375,0.125,NA,111,0.0015359770196172063,1.0888718698456334,0.2496,0.6054324979668962,0.039038001395097506,0.2838451191637005,0.8583045165134805,0.12719456454793307,2496,0.13324533121312118,0.07236605874769242,0.26179472789465924,0.1332453312131214,1.0558765086740118,-0.00892164342414048,1.3563848520338548,0.716927381930663,0.005888488642757273,0.0224927701566499,0.08591758259433141,0.13170935419350419,0.12622001607472713
177,0.25,0.25,0,FALSE,0,167,1e4,177,0.375,0.125,NA,112,-0.010842180192017391,1.047984874338575,0.2532,0.598244717217897,0.03396439419247273,0.26235647319413424,0.8671426819744904,0.09784262804567584,2532,0.09851108908365665,0.06094441270457696,0.2389978881706189,0.0985110890836566,1.0669541804495308,-0.003957807096431213,1.153726141843308,0.8131920121975116,6.471474053929004e-4,0.002707753655676265,0.011329613313332787,0.109353269275674,0.10682041581502145
177,0.25,0.25,0,FALSE,0,167,1e4,177,0.375,0.125,NA,113,0.010256346676575726,1.105467634148076,0.2506,0.5974044998169326,0.031868461631562844,0.25551033577298604,0.8719382197105794,0.09665298103865966,2506,0.11276086356593898,0.06710814872480543,0.24357080170299625,0.11276086356593894,1.1311620001431022,-0.05683835077295086,1.127308756557307,0.7880604915901276,0.015145236174882273,0.062180015293253295,0.25528517728111744,0.10250451688936321,0.09749222614077177
177,0.25,0.25,0,FALSE,0,167,1e4,177,0.375,0.125,NA,114,0.011745681952982635,1.0607628486589624,0.2584,0.6025669385664332,0.03959490154391982,0.28028332445175524,0.8551495779233327,0.0878384208865641,2584,0.1015821047646874,0.08560876409787503,0.2823256592352211,0.10158210476468739,1.0740327530576101,-0.05225634334741085,1.2676850525171037,0.792640471227603,0.013261553281518169,0.0469725398585512,0.1663771546156766,0.08983642281170476,0.08722546633446092
177,0.25,0.25,0,FALSE,0,167,1e4,177,0.375,0.125,NA,115,0.0075252164104669264,1.0640900976983336,0.257,0.5956176453645176,0.03235795025347414,0.25403159538126735,0.8694277599740285,0.10119741116187857,2570,0.10163243219435972,0.07683505134957393,0.2650488289621444,0.10163243219435979,1.0937236580215584,-0.005608750497565698,1.08810051232233,0.8043106079247648,4.1596467604338393e-4,0.0015693888468482694,0.005921131034585395,0.09410721578389286,0.0912291700447441
177,0.25,0.25,0,FALSE,0,167,1e4,177,0.375,0.125,NA,116,0.017560475605762422,1.091781715435531,0.2487,0.6103366415248819,0.04288190696687807,0.29844218044214577,0.8515548594480762,0.11458991435275796,2487,0.11398550437263964,0.0684359575750131,0.253415765557036,0.11398550437263978,1.0656561331691976,0.005894612528181419,1.5747117936103567,0.7149400193535322,-5.854948541765154e-4,-0.002310412112243817,-0.009117081201184443,0.09642502876687736,0.09228303491737733
177,0.25,0.25,0,FALSE,0,167,1e4,177,0.375,0.125,NA,117,0.0076315937907797445,1.0594356237538227,0.2543,0.6087818422159904,0.042020352330937365,0.2910923340300114,0.8519504389123357,0.0943829631331236,2543,0.10657594012636562,0.051640659306373175,0.21964501503520742,0.1065759401263658,1.070407333967162,-0.04729686582657156,1.3826261513173386,0.7020623821980507,0.011785152761870242,0.0536554529133346,0.24428258890707827,0.09894434633558606,0.09612883912233225
177,0.25,0.25,0,FALSE,0,167,1e4,177,0.375,0.125,NA,118,3.3480059630754854e-4,1.0846028274131847,0.2438,0.6049555286904711,0.037342714494632855,0.2812614916582428,0.8628568966674406,0.06869837904932802,2438,0.07596519758160798,0.0888415086180198,0.2846357283187938,0.07596519758160795,1.096571863998183,-0.020884468990053928,1.4449677360795583,0.7531426393429113,0.006939461423061002,0.02438014884515398,0.08565386007285795,0.0756303969853004,0.07262079750027696
177,0.25,0.25,0,FALSE,0,167,1e4,177,0.375,0.125,NA,119,-0.003059519228066394,1.0574454410258416,0.2484,0.6051943722420619,0.03680697248610931,0.2762047734564215,0.8627814685468497,0.06617269868203263,2484,0.0657771973819149,0.05037868417437433,0.21880571233150883,0.06577719738191491,1.0522756198332928,0.0029163083915269214,1.3741421474981967,0.7740476931649576,-3.8555217843290354e-4,-0.0017620754701721862,-0.008053151133012906,0.06883671660998131,0.06694084072899473
177,0.25,0.25,0,FALSE,0,167,1e4,177,0.375,0.125,NA,120,-0.019529292196338886,1.0658307984926374,0.2406,0.6067705374435914,0.0375703342201406,0.28399887481434183,0.8633397414393384,0.06332819438282529,2406,0.061937862317142774,0.08130685655783289,0.2729349941431367,0.061937862317142774,1.091462268805743,0.004573928342420753,1.4487241815100045,0.8059152388690484,-0.0013308042392972585,-0.004875901836901639,-0.01786470017232215,0.08146715451348166,0.07891115766662497
177,0.25,0.25,0,FALSE,0,167,1e4,177,0.375,0.125,NA,121,-0.0010399996428166215,1.063904398287637,0.2477,0.6043400427090203,0.036776336412474214,0.2766757853063243,0.8629348159592468,0.10369058242302553,2477,0.09693710401561006,0.05850339361050469,0.23632023243094935,0.09693710401561018,1.047560824337442,0.028794227592571796,1.3017045815186874,0.7739608748093846,-0.0065983886356429985,-0.027921386873089624,-0.11815064070423172,0.0979771036584268,0.09498899543934786
177,0.25,0.25,0,FALSE,0,167,1e4,177,0.375,0.125,NA,122,0.0034418330565688954,1.0718691451029734,0.2477,0.6078031675811993,0.038810333501208646,0.28423466449700047,0.8591901472081858,0.11104483185035531,2477,0.12509731967117577,0.07574785302175832,0.2696813202326132,0.1250973196711759,1.0415223564240614,-0.043683302217015205,1.4923129928019798,0.676023823976674,0.013769523744100495,0.051058500203957816,0.1893290204895073,0.12165548661460701,0.11750620906823625
177,0.25,0.25,0,FALSE,0,167,1e4,177,0.375,0.125,NA,123,0.013456727029868257,1.081647916221757,0.2542,0.6030968809545361,0.037707990049275115,0.2763511768874672,0.8595030616704116,0.09763307396051744,2542,0.10484518221128324,0.06999815233675473,0.2527374895843364,0.10484518221128326,1.0958402345781657,-0.020515732575827554,1.2154304071092445,0.7699575285324592,0.006889514456417689,0.027259566705946547,0.10785723459855075,0.091388455181415,0.08787156820933155
177,0.25,0.25,0,FALSE,0,167,1e4,177,0.375,0.125,NA,124,-0.014964585516808234,1.0650710150849378,0.2453,0.6048261982755598,0.03819267852223477,0.2832324558518516,0.8610461571590814,0.07093927915695457,2453,0.07365345460221465,0.056066578448628626,0.23294957627590143,0.07365345460221462,1.0331900229918558,-0.00919525875087699,1.4313736842062033,0.7742560087192892,0.0026702247394979842,0.01146267266155237,0.049206668862862325,0.08861804011902286,0.08586829862278367
177,0.25,0.25,0,FALSE,0,167,1e4,177,0.375,0.125,NA,125,0.011647879230994966,1.0512066781827003,0.2516,0.6007240194024943,0.03503199030930532,0.2672701541931467,0.8655096584100085,0.10033955178411307,2516,0.10872631310811648,0.06690775072807068,0.248082974358008,0.10872631310811634,1.0871325766802553,-0.0191960106274514,1.1672671790977882,0.8421588775359697,0.008043647476620447,0.032423214440393956,0.13069504073908791,0.09707843387712137,0.09468445981423478
177,0.25,0.25,0,FALSE,0,167,1e4,177,0.375,0.125,NA,126,0.006444605273044065,1.0758380384941009,0.249,0.6118086460355403,0.0438203341270187,0.30145674554737145,0.8498745407174084,0.08888205642073907,2490,0.10170509149027908,0.04675241704552637,0.2074779605632925,0.10170509149027912,1.0860757767987526,-0.036232588355204744,1.6093736384729245,0.7750876138284706,0.012304409213677937,0.05930465665014283,0.28583593403913166,0.09526048621723505,0.09184157990159005
177,0.25,0.25,0,FALSE,0,167,1e4,177,0.375,0.125,NA,127,0.022915873923816398,1.0702848778760947,0.2536,0.5924506241948736,0.03197274905725131,0.254296637172127,0.8710207456262972,0.1365067975344191,2536,0.1334975505052368,0.07778195102893351,0.26748273711414194,0.13349755050523687,1.0871446056136025,-0.004883545674652875,1.1137872396272357,0.7974220195671278,-0.0028861186607038168,-0.01078992495681033,-0.040338771291270226,0.11058167658142047,0.10688911358552461
177,0.25,0.25,0,FALSE,0,167,1e4,177,0.375,0.125,NA,128,0.011041254824924752,1.076412351143971,0.252,0.6140579640947288,0.04561619583115981,0.3054136676539645,0.8460715115024009,0.11770080784102693,2520,0.12468567391126657,0.055929973816675166,0.23162911979632675,0.12468567391126674,1.0424573658540253,-0.03631371980277869,1.7526332507436588,0.7220070916524868,0.006841147151087276,0.02953491839498742,0.1275095222092874,0.11364441908634199,0.1095364790511379
177,0.25,0.25,0,FALSE,0,167,1e4,177,0.375,0.125,NA,129,-0.0021503239637541104,1.0740008873348559,0.2464,0.5997402942068547,0.03373626287679365,0.26529567164846396,0.8692622930116369,0.12552379429029578,2464,0.1324907325784309,0.07426790327209654,0.26322333568835166,0.13249073257843058,1.0718953484919491,-0.03604921922719158,1.153092213200349,0.8133500797302052,0.006729236168224095,0.02556474011176313,0.09712186058621716,0.1346410565421847,0.12991975438143658
177,0.25,0.25,0,FALSE,0,167,1e4,177,0.375,0.125,NA,130,0.004573532297375133,1.0529479565862008,0.2517,0.5966171448024873,0.03270917579729692,0.2581252294322614,0.8700597595037995,0.07546387564282019,2517,0.07201068742188403,0.08133676436831373,0.2758019042523539,0.07201068742188407,1.0692822831139757,0.01445850440102289,1.0872497799002414,0.7556885390138481,-0.0033394432328198863,-0.012108122465189199,-0.04390151872958237,0.06743715512450894,0.0657197326411761
177,0.25,0.25,0,FALSE,0,167,1e4,177,0.375,0.125,NA,131,0.0018087829795812983,1.0869213983685164,0.2557,0.6054487314383211,0.03828975343852172,0.2771486006084489,0.858266205648839,0.10715699388888292,2557,0.11291545496854848,0.0811315402512126,0.2765862853626522,0.11291545496854831,1.060543380653523,-0.02646908611074306,1.28386040922608,0.793459832466533,0.005591678806937166,0.020216760927265476,0.07309386617184517,0.11110667198896701,0.10657149785802027
177,0.25,0.25,0,FALSE,0,167,1e4,177,0.375,0.125,NA,132,-0.003954289130644411,1.0651289662151031,0.2538,0.6072297697881507,0.03953041476945019,0.28304952192696103,0.8563240626698744,0.07414177538132842,2538,0.08089251562831834,0.058759570961136855,0.23490262616790625,0.08089251562831828,1.0648853977556294,-0.01679703511206079,1.3562291834394966,0.7240094294960921,0.006541840659500054,0.027849159314310968,0.11855618546556668,0.0848468047589627,0.08221184488280048
177,0.25,0.25,0,FALSE,0,167,1e4,177,0.375,0.125,NA,133,0.004561059028498808,1.0738067357996595,0.248,0.5999790880233357,0.0356859311924907,0.27206412372022526,0.8650561946347681,0.08829605431396577,2480,0.09145460780203471,0.0551953876613514,0.2292893221756201,0.0914546078020348,1.0498690356666927,-0.017056175265021654,1.254525093429316,0.7346864830857135,0.0030826248301302848,0.013444258114074771,0.058634471010287084,0.086893548773536,0.0838541328975683
177,0.25,0.25,0,FALSE,0,167,1e4,177,0.375,0.125,NA,134,-0.006626506142221078,1.0636488525758288,0.2477,0.5944503871346818,0.030318553570839808,0.2507282534031105,0.875789223264099,0.06598796441048942,2477,0.06381473507641836,0.06330764827876519,0.24248160229630977,0.0638147350764186,1.0767096230733828,0.01744947753808288,1.1247720240764538,0.6720090688523696,-0.0020943837576762477,-0.008637289335942834,-0.035620390388991924,0.07044124121863968,0.06830112576358531
177,0.25,0.25,0,FALSE,0,167,1e4,177,0.375,0.125,NA,135,-0.00800127094311897,1.0990844284231909,0.2517,0.5979579405279964,0.035137521269093,0.2677513370308323,0.865213976938679,0.08263784670453522,2517,0.08895414508311764,0.05987115847450042,0.2357854640763012,0.08895414508311775,1.0769204053845007,-0.014384687123639132,1.3478992709236708,0.8087552638216519,0.006086544963531914,0.025813910909971455,0.10948050173957273,0.09695541602623672,0.09248185809088097
177,0.25,0.25,0,FALSE,0,167,1e4,177,0.375,0.125,NA,136,-0.010768213270505778,1.0707116326490558,0.2488,0.5977911226282321,0.0332828730873709,0.26214143349996,0.8695584226904198,0.06971005581677779,2488,0.0723303169162537,0.059921978937585996,0.24110667065498878,0.07233031691625362,1.0307840633337002,-0.014812646711178419,1.15662370735628,0.6823835284874097,0.002580837863480461,0.010704132973465123,0.04439583917104552,0.0830985301867594,0.08030768035113223
177,0.25,0.25,0,FALSE,0,167,1e4,177,0.375,0.125,NA,137,0.0026271239648566437,1.0609881029066217,0.2423,0.6067139235966788,0.03868687386469186,0.28735678416297195,0.8607469023946235,0.09718941156842567,2423,0.10370983841811338,0.05881822645756723,0.23404974695126948,0.10370983841811321,1.0737312011248341,-0.02524265744964947,1.3980001902041546,0.7645904032314388,0.0062925726805065675,0.026885620525010513,0.11487139326242578,0.10108271445325656,0.09813448299557483
177,0.25,0.25,0,FALSE,0,167,1e4,177,0.375,0.125,NA,138,0.014286674169203503,1.045562302263027,0.2486,0.6035672269366423,0.03610367538778473,0.2731904914747453,0.8641696876387566,0.10072956207367167,2486,0.11014767883451104,0.04957400298245018,0.2174334352707315,0.11014767883451103,1.048579429628919,-0.03768872345438239,1.3783330548127803,0.7728339903454475,0.009197364608133897,0.04229967942456523,0.194540822904706,0.09586100466530753,0.09374908077443313
177,0.25,0.25,0,FALSE,0,167,1e4,177,0.375,0.125,NA,139,-0.0018872718028427487,1.0647354387703252,0.2526,0.5944286458561758,0.03121233339094198,0.251510260510921,0.8729370163898826,0.08240576680274209,2526,0.0844763763448504,0.05221038720193093,0.2170138815801241,0.08447637634485039,1.1086178938295128,-2.2294659789905428e-4,1.0226507309378778,0.7583444498491979,0.0019665603064568287,0.00906191019734722,0.0417572835957107,0.08636364814769314,0.0836970449187998
177,0.25,0.25,0,FALSE,0,167,1e4,177,0.375,0.125,NA,140,-0.009080937622877955,1.0527312102388064,0.2504,0.6091212704283605,0.043394320751125696,0.2989323162448096,0.8502946960245987,0.07612976758684437,2504,0.07777254930521249,0.06436171872859996,0.2512682389630018,0.07777254930521281,1.0194183366151885,-0.010034503815145247,1.5653395657194569,0.7365825985755544,0.0016270602704941022,0.006475391705728792,0.025770832527235034,0.08685348692809076,0.08465030155259362
177,0.25,0.25,0,FALSE,0,167,1e4,177,0.375,0.125,NA,141,-0.01990849536871896,1.0557442564884505,0.2468,0.5928186146455835,0.03030453270160525,0.25117905332587864,0.8760180192783462,0.06139157431592447,2468,0.073679588746855,0.05323964606198158,0.22617195804432164,0.07367958874685478,1.040776898440042,-0.04971620867570742,1.0235715533686025,0.7727924720349346,0.01204489145970957,0.053255459093426605,0.23546446497576165,0.09358808411557373,0.09108381090585284
177,0.25,0.25,0,FALSE,0,167,1e4,177,0.375,0.125,NA,142,-0.010752713454471157,1.0597160615982495,0.2606,0.6055631798697623,0.04017706236662613,0.28109288347037054,0.8534943891352427,0.10542555196399823,2606,0.09611643773817469,0.06547210239261282,0.250014437786491,0.09611643773817466,1.0474326539162504,0.0241363189103168,1.1905241385475462,0.7596784759936965,-0.009095892202225198,-0.0363814677374471,-0.14551746714930275,0.10686915119264581,0.10381440080255414
177,0.25,0.25,0,FALSE,0,167,1e4,177,0.375,0.125,NA,143,-0.012792884027071254,1.0617904551992203,0.2428,0.588258267039496,0.026488012906137018,0.23656686211350328,0.8851231317576829,0.055031775529088015,2428,0.07000259726116236,0.06025530210501994,0.23831888838685172,0.07000259726116237,1.060909502202156,-0.0543663333881657,1.0309250795124547,0.8095769242123437,0.014534713288999166,0.06098850740443895,0.2559113455809647,0.08279548128823362,0.08035024892255577
177,0.25,0.25,0,FALSE,0,167,1e4,177,0.375,0.125,NA,144,0.011636052796729813,1.06916898040094,0.2493,0.6001207537225184,0.032866686778612174,0.2602825546427746,0.8702231182551126,0.09206106980645905,2493,0.10696924404225838,0.07082188276512126,0.2616782666207008,0.10696924404225853,1.0342657888139055,-0.05517552912299406,1.1880002634126796,0.6051060204499933,0.01465913620538525,0.0560196931701381,0.2140785090545479,0.09533319124552872,0.09219788446862738
177,0.25,0.25,0,FALSE,0,167,1e4,177,0.375,0.125,NA,145,0.004585785311466846,1.066352150462452,0.2465,0.6089445737336648,0.04108986527145759,0.29330779648494537,0.8553992563329216,0.09833136697631738,2465,0.10016700801413198,0.0742531753887741,0.2656132045785933,0.10016700801413181,1.052484497372472,0.010529196260593851,1.5452522404726634,0.7801839083036086,0.0017892865792808797,0.006736436850418109,0.025361829661690784,0.09558122270266496,0.09255976797805679
177,0.25,0.25,0,FALSE,0,167,1e4,177,0.375,0.125,NA,146,0.0021080841517669814,1.078204428167529,0.2544,0.6037203638705563,0.03834604648665806,0.27803476490846507,0.8585359116145728,0.09305796708422578,2544,0.1046418139722831,0.07896886454589182,0.2694008756685156,0.10464181397228309,1.0880726338616966,-0.0339016505332191,1.2562992430168316,0.7699394718309412,0.011105135571093602,0.041221601613344115,0.15301212927037863,0.1025337298205161,0.09874524693829925
177,0.25,0.25,0,FALSE,0,167,1e4,177,0.375,0.125,NA,147,0.003882325130835205,1.0411327879475973,0.2465,0.608844190262884,0.04240235062297313,0.29818164406233666,0.8529964494772675,0.06595374095927341,2465,0.07823599271174937,0.09664775958072344,0.30086186967497947,0.07823599271174927,1.067720278000812,-0.0442499036315688,1.5319323126620619,0.7560764201118784,0.011886370127551855,0.039507732037937136,0.13131518487409943,0.07435366758091407,0.0728700946449483
177,0.25,0.25,0,FALSE,0,167,1e4,177,0.375,0.125,NA,148,-0.016570128510811286,1.0757121728888834,0.2502,0.6081532746595468,0.038860233841799326,0.2828430317279259,0.8584653469233456,0.07953820667440567,2502,0.07872478415926151,0.07997270912203318,0.27034192439998095,0.0787247841592615,1.094246097304177,0.013404516233506766,1.3354664185518268,0.693756169278242,-7.7760435843088e-4,-0.002876373541235822,-0.010639761286081992,0.09529491267007278,0.09188014561413886
177,0.25,0.25,0,FALSE,0,167,1e4,177,0.375,0.125,NA,149,0.0020778766165127317,1.1020534658137213,0.2478,0.6111460995017253,0.04095182265863362,0.29228307100165873,0.8551445100115777,0.11474849098528292,2478,0.11425760474681726,0.06734359467783535,0.24646767393580143,0.11425760474681765,1.1086037969388125,-0.007901463512501688,1.4894992002035605,0.7174989049441965,-4.6622190692802406e-4,-0.0018916148291701043,-0.007674900318419939,0.11217972813030491,0.10685947860157083
177,0.25,0.25,0,FALSE,0,167,1e4,177,0.375,0.125,NA,150,-0.0010574322070100706,1.073097212127507,0.2407,0.5958847036807292,0.0321697068261692,0.26234599044542434,0.8737066401995727,0.08693043343162217,2407,0.10721134363747331,0.06400407081371706,0.24731765726628557,0.10721134363747313,1.0463990799335388,-0.0678849194576579,1.2374269950938752,0.7247063843132476,0.019826167348491443,0.08016478713100826,0.3241369339217671,0.1082687758444832,0.10451621969560693
177,0.25,0.25,0,FALSE,0,167,1e4,177,0.375,0.125,NA,151,-0.0027024987540468265,1.0564422397127597,0.2511,0.5987798964300701,0.03532213016202747,0.26894282474583875,0.8649369134126397,0.08479541675569753,2511,0.08084628916360127,0.07746201238494654,0.2712566931088918,0.08084628916360138,1.0527563008597014,0.009765423006047536,1.1912152851221507,0.6723730640715051,-0.0038489054345592385,-0.014189163004409831,-0.05230898763008149,0.0835487879176482,0.0812862849121256
177,0.25,0.25,0,FALSE,0,167,1e4,177,0.375,0.125,NA,152,0.008094394723470894,1.0636865261894866,0.2476,0.6069796360853669,0.03894451481184678,0.28464399214244007,0.8590442950910634,0.11800679811922271,2476,0.1135953305704802,0.06674042143985391,0.24969602935761095,0.11359533057048002,1.0704482392300292,0.020247738170706325,1.4819037163077846,0.7924981441745325,-0.004263833650827488,-0.017076097132169007,-0.0683875397462283,0.10550093584700912,0.10229384028025644
177,0.25,0.25,0,FALSE,0,167,1e4,177,0.375,0.125,NA,153,-0.0028227609411116935,1.0652983416866713,0.2534,0.6153787726142252,0.04628055560834966,0.3068171527967826,0.8445050669625895,0.08782207807600048,2534,0.0961100595344726,0.07033816060530089,0.2577101313823499,0.09611005953447248,1.0590781845840784,-0.02877030615306257,1.687503464369439,0.7582010378659596,0.008053501792064106,0.03125023354287761,0.12126117578401843,0.09893282047558417,0.09585279145744315
177,0.25,0.25,0,FALSE,0,167,1e4,177,0.375,0.125,NA,154,-0.007336345994872157,1.0701076161384162,0.2498,0.5955910022606195,0.03110111745196727,0.2527210197285782,0.8737405785436023,0.13552879318057715,2498,0.13472158836699163,0.07498375615152723,0.2615899373136233,0.1347215883669916,1.0957844271037371,0.004076708126385203,1.0790568651324917,0.784249937726188,-7.711186039405764e-4,-0.002947814475814768,-0.011268837425808921,0.14205793436186376,0.13732568305740128
177,0.25,0.25,0,FALSE,0,167,1e4,177,0.375,0.125,NA,155,0.01133852668449775,1.0793492608769497,0.2643,0.598380440875184,0.03301375765126036,0.2525351851292038,0.8665099011407028,0.0761715885662486,2643,0.07521987942802771,0.06213694825584585,0.23749873459384158,0.07521987942802767,1.1016086053527825,-0.00143502018669158,0.999177496167016,0.6853477115497008,-9.067562954265005e-4,-0.003817941585992825,-0.01607562917133886,0.06388135274352992,0.061488387619531085
177,0.25,0.25,0,FALSE,0,167,1e4,177,0.375,0.125,NA,156,0.0127960515215084,1.0660068283270001,0.2505,0.607771861214196,0.03978396566451973,0.2856122311182521,0.8569082722097553,0.12989153056710026,2505,0.14269012738095907,0.07888242835829623,0.27502512711893334,0.142690127380959,1.0428828449209409,-0.038007977247898915,1.3579808334139272,0.8021068653616386,0.012532698623384736,0.045569285812801494,0.16569135442339153,0.1298940758594506,0.12580831657771874
177,0.25,0.25,0,FALSE,0,167,1e4,177,0.375,0.125,NA,157,-0.009435970311665529,1.0881677589506586,0.2617,0.603638697187784,0.03937059766905278,0.2775945117095896,0.8547070325712007,0.08165201134392788,2617,0.08170108416011428,0.07664002196483773,0.2632895638313776,0.08170108416011435,1.1055753076418657,-0.003056620929052641,1.1793442922892998,0.7095046717943072,4.6670968867861725e-5,1.7726099048024518e-4,6.732549057423752e-4,0.09113705447177987,0.08736692715527296
177,0.25,0.25,0,FALSE,0,167,1e4,177,0.375,0.125,NA,158,0.005963777937844312,1.068765742251309,0.2509,0.6034837394085072,0.03679104593099695,0.27436803784151786,0.8623221186111262,0.14401647248333152,2509,0.148526825145515,0.07765468106050219,0.26876167067363493,0.14852682514551466,1.075060675528443,-0.020579974113114363,1.3263703680357157,0.7651549599742707,0.004350047631862673,0.016185520877882404,0.06022257875281982,0.14256304720767035,0.1379004575849802
177,0.25,0.25,0,FALSE,0,167,1e4,177,0.375,0.125,NA,159,-4.780103180978804e-4,1.0659363281312242,0.2416,0.6061466978232319,0.03990556006946697,0.29214788938021086,0.8588341398514817,0.11379548544591757,2416,0.10618144405841393,0.06487320437418588,0.24481132570391714,0.10618144405841405,1.082436276782887,0.021835359167428757,1.5110177650494219,0.7151862569148795,-0.007318364963872933,-0.02989389867004766,-0.12210994970960748,0.10665945437651193,0.10330794576639003
177,0.25,0.25,0,FALSE,0,167,1e4,177,0.375,0.125,NA,160,0.011957162961652092,1.0750135388477853,0.2568,0.6046500996364965,0.03827987647957955,0.27671839918831326,0.8578774301768821,0.09815825365369625,2568,0.09630880654568653,0.06735018328372588,0.2542423410945767,0.09630880654568645,1.0419407514381147,0.012256416732011425,1.1763962515045456,0.7334653992217843,-0.001811842336805205,-0.0071264382203403715,-0.028030099902554693,0.08435164358403435,0.08135543700851298
177,0.25,0.25,0,FALSE,0,167,1e4,177,0.375,0.125,NA,161,0.0032717628333950918,1.0661151799714845,0.253,0.5945834986851226,0.0317563145429992,0.25377189395219585,0.8715914216601889,0.07201028418666934,2530,0.07705563745092125,0.057884353813391264,0.23396488179812008,0.07705563745092112,1.057449997018192,-0.01696277472576904,1.0433312886461383,0.7127180807856812,0.00490638540511368,0.020970606218360686,0.08963142697823973,0.07378387461752603,0.07145940471842038
177,0.25,0.25,0,FALSE,0,167,1e4,177,0.375,0.125,NA,162,0.001302454857586547,1.077927823646115,0.2566,0.6064248473079074,0.040597678243651444,0.285103995522053,0.8536846294980822,0.12022805538072046,2566,0.1247194364016294,0.06700868234503102,0.25353780336570797,0.12471943640162927,1.0424269517630147,-0.017766236897114606,1.3305366950817175,0.6821791077461329,0.0043990316207550275,0.01735059451631273,0.06843395456608058,0.12341698154404272,0.11887213952119766
177,0.25,0.25,0,FALSE,0,167,1e4,177,0.375,0.125,NA,163,0.00853936550055207,1.0822183335432944,0.2488,0.6023416927342833,0.037671216888361,0.27930762259305497,0.8610165269976957,0.0728317331610137,2488,0.07236427690972858,0.09848637976250503,0.2976101469281098,0.07236427690972859,1.1119383399433476,-4.955109690277272e-4,1.3523010312577597,0.7532824514824076,-4.4330294802581027e-4,-0.001489542452102259,-0.005005012320571417,0.06382491140917652,0.061352572484239185
177,0.25,0.25,0,FALSE,0,167,1e4,177,0.375,0.125,NA,164,-0.0016621445466356083,1.0807851347904043,0.2608,0.6025753986236156,0.03802363072044914,0.27298627745953974,0.8576103576771039,0.10112313290870564,2608,0.09703801986027766,0.06253043360798467,0.2431035120731438,0.09703801986027767,1.0580567790974829,0.015754146729777894,1.175431998033452,0.7484443596182753,-0.0039714545093168345,-0.016336475254713403,-0.06719966780981003,0.09870016440691327,0.09493977425205283
177,0.25,0.25,0,FALSE,0,167,1e4,177,0.375,0.125,NA,165,0.008532845041355075,1.0607379815400864,0.245,0.6152482767941614,0.04476069109543056,0.3077205193559624,0.8492169455155776,0.11628442988814443,2450,0.12138885172350013,0.059528405632397155,0.234415762295476,0.12138885172350039,1.0833047056155374,-0.016226662906061572,1.7986416687075537,0.6695516439209838,0.004904234667492037,0.020921096002539094,0.08924782104101218,0.11285600668214532,0.1095773060559247
177,0.25,0.25,0,FALSE,0,167,1e4,177,0.375,0.125,NA,166,0.008143376632823275,1.0566590168559724,0.2446,0.5959743972587882,0.0317695271196266,0.2584767423464153,0.8735531776441336,0.08131391255958657,2446,0.0865705163094303,0.07860930338706579,0.2734567865182613,0.08657051630943015,1.0512270699402513,-0.01909970603896436,1.1636380209055552,0.7451978953303712,0.005126925097818202,0.01874857509698641,0.06856138161974044,0.07842713967660687,0.0762955036738747
177,0.25,0.25,0,FALSE,0,167,1e4,177,0.375,0.125,NA,167,0.0026258478315880807,1.072047174928857,0.2506,0.603122189158616,0.037000681494606676,0.2756214642828311,0.861858522101445,0.09527091843317337,2506,0.09120409220823189,0.06987883560728446,0.25577649931064717,0.09120409220823182,1.0681306603415652,0.01171734901471073,1.2488135140961136,0.7235967170838407,-0.0039349881122807285,-0.015384478726099007,-0.060148132324753426,0.08857824437664374,0.08555002089580606
